requirement_id,domain,verification,domain_status,unmet_conditions,met_conditions,gap
P26-REQ-001,Estimate Lifecycle,verified,built,,inputs; library snapshot/version; formulas/rules; units; output values; rounding; scenario behavior; overrides; audit lineage; mapped tests,
P26-REQ-002,Estimate Versions,verified,built,,inputs; library snapshot/version; formulas/rules; units; output values; rounding; scenario behavior; overrides; audit lineage; mapped tests,
P26-REQ-003,Estimate Templates,not_verified,not_built,,inputs; library snapshot/version; formulas/rules; units; output values; rounding; scenario behavior; overrides; audit lineage; mapped tests,No template entity or instantiation path.
P26-REQ-004,Service Selection,not_verified,partial,,inputs; library snapshot/version; formulas/rules; units; output values; rounding; scenario behavior; overrides; audit lineage; mapped tests,"The service library exists and is three-tier, but nothing selects a service for a scope; an estimator picks it."
P26-REQ-005,Assembly Expansion,verified,built,,inputs; library snapshot/version; formulas/rules; units; output values; rounding; scenario behavior; overrides; audit lineage; mapped tests,
P26-REQ-006,Quantity Input,verified,built,,inputs; library snapshot/version; formulas/rules; units; output values; rounding; scenario behavior; overrides; audit lineage; mapped tests,
P26-REQ-007,Quantity Takeoff Intake,not_verified,not_built,,inputs; library snapshot/version; formulas/rules; units; output values; rounding; scenario behavior; overrides; audit lineage; mapped tests,"Documents are ingested and classified by sheet, but nothing measures; there is no takeoff to intake."
P26-REQ-008,Labor Cost,verified,built,,inputs; library snapshot/version; formulas/rules; units; output values; rounding; scenario behavior; overrides; audit lineage; mapped tests,
P26-REQ-009,Labor Burden,verified,built,,inputs; library snapshot/version; formulas/rules; units; output values; rounding; scenario behavior; overrides; audit lineage; mapped tests,
P26-REQ-010,Crew Composition,verified,built,,inputs; library snapshot/version; formulas/rules; units; output values; rounding; scenario behavior; overrides; audit lineage; mapped tests,
P26-REQ-011,Crew Size Recommendation,not_verified,not_built,,inputs; library snapshot/version; formulas/rules; units; output values; rounding; scenario behavior; overrides; audit lineage; mapped tests,"The bottleneck analysis names the controlling resource, but nothing recommends a crew size."
P26-REQ-012,Equipment Selection,not_verified,partial,,inputs; library snapshot/version; formulas/rules; units; output values; rounding; scenario behavior; overrides; audit lineage; mapped tests,Equipment and its rates exist; nothing recommends which machine suits an operation.
P26-REQ-013,Equipment Cost,verified,built,,inputs; library snapshot/version; formulas/rules; units; output values; rounding; scenario behavior; overrides; audit lineage; mapped tests,
P26-REQ-014,Equipment Rate Selection,verified,built,,inputs; library snapshot/version; formulas/rules; units; output values; rounding; scenario behavior; overrides; audit lineage; mapped tests,
P26-REQ-015,Fuel Consumption,verified,built,,inputs; library snapshot/version; formulas/rules; units; output values; rounding; scenario behavior; overrides; audit lineage; mapped tests,
P26-REQ-016,Truck Selection,not_verified,partial,,inputs; library snapshot/version; formulas/rules; units; output values; rounding; scenario behavior; overrides; audit lineage; mapped tests,Truck rates exist; nothing recommends a truck type for a haul.
P26-REQ-017,Truck Cycle Calculation,verified,built,,inputs; library snapshot/version; formulas/rules; units; output values; rounding; scenario behavior; overrides; audit lineage; mapped tests,
P26-REQ-018,Truck Count,verified,built,,inputs; library snapshot/version; formulas/rules; units; output values; rounding; scenario behavior; overrides; audit lineage; mapped tests,
P26-REQ-019,Haul Distance,verified,built,,inputs; library snapshot/version; formulas/rules; units; output values; rounding; scenario behavior; overrides; audit lineage; mapped tests,
P26-REQ-020,Disposal Cost,not_verified,partial,,inputs; library snapshot/version; formulas/rules; units; output values; rounding; scenario behavior; overrides; audit lineage; mapped tests,"disposal_sites carries a tipping fee and the haul engine prices disposal as part of the cycle, but no engine derives disposal cost from volume, density and fee."
P26-REQ-021,Material Cost,verified,built,,inputs; library snapshot/version; formulas/rules; units; output values; rounding; scenario behavior; overrides; audit lineage; mapped tests,
P26-REQ-022,Material Waste,verified,built,,inputs; library snapshot/version; formulas/rules; units; output values; rounding; scenario behavior; overrides; audit lineage; mapped tests,
P26-REQ-023,Subcontract Cost,not_verified,partial,,inputs; library snapshot/version; formulas/rules; units; output values; rounding; scenario behavior; overrides; audit lineage; mapped tests,"Subcontract is a visible cost bucket, but no engine derives it from a scope and a quote."
P26-REQ-024,Production Rate,verified,built,,inputs; library snapshot/version; formulas/rules; units; output values; rounding; scenario behavior; overrides; audit lineage; mapped tests,
P26-REQ-025,Production Modifiers,verified,built,,inputs; library snapshot/version; formulas/rules; units; output values; rounding; scenario behavior; overrides; audit lineage; mapped tests,
P26-REQ-026,Duration Calculation,verified,built,,inputs; library snapshot/version; formulas/rules; units; output values; rounding; scenario behavior; overrides; audit lineage; mapped tests,
P26-REQ-027,Work Hours & Shifts,verified,built,,inputs; library snapshot/version; formulas/rules; units; output values; rounding; scenario behavior; overrides; audit lineage; mapped tests,
P26-REQ-028,Mobilization,not_verified,partial,,inputs; library snapshot/version; formulas/rules; units; output values; rounding; scenario behavior; overrides; audit lineage; mapped tests,"Equipment carries a mobilization cost and the estimate has a cost_equipment_mob column, but no engine derives mobilization from distance, machine count and haul permits."
P26-REQ-029,Demobilization,not_verified,partial,,inputs; library snapshot/version; formulas/rules; units; output values; rounding; scenario behavior; overrides; audit lineage; mapped tests,Same as mobilization; demobilization is not separately derived.
P26-REQ-030,Indirect Costs,verified,built,,inputs; library snapshot/version; formulas/rules; units; output values; rounding; scenario behavior; overrides; audit lineage; mapped tests,
P26-REQ-031,Contingency,verified,built,,inputs; library snapshot/version; formulas/rules; units; output values; rounding; scenario behavior; overrides; audit lineage; mapped tests,
P26-REQ-032,Markup,verified,built,,inputs; library snapshot/version; formulas/rules; units; output values; rounding; scenario behavior; overrides; audit lineage; mapped tests,
P26-REQ-033,Overhead & Profit,verified,built,,inputs; library snapshot/version; formulas/rules; units; output values; rounding; scenario behavior; overrides; audit lineage; mapped tests,
P26-REQ-034,Tax & Bond,verified,built,,inputs; library snapshot/version; formulas/rules; units; output values; rounding; scenario behavior; overrides; audit lineage; mapped tests,
P26-REQ-035,Unit Price,verified,built,,inputs; library snapshot/version; formulas/rules; units; output values; rounding; scenario behavior; overrides; audit lineage; mapped tests,
P26-REQ-036,Bid Price,verified,built,,inputs; library snapshot/version; formulas/rules; units; output values; rounding; scenario behavior; overrides; audit lineage; mapped tests,
P26-REQ-037,Low/High Range,verified,built,,inputs; library snapshot/version; formulas/rules; units; output values; rounding; scenario behavior; overrides; audit lineage; mapped tests,
P26-REQ-038,Scenario Comparison,verified,built,,inputs; library snapshot/version; formulas/rules; units; output values; rounding; scenario behavior; overrides; audit lineage; mapped tests,
P26-REQ-039,Estimate Confidence,verified,built,,inputs; library snapshot/version; formulas/rules; units; output values; rounding; scenario behavior; overrides; audit lineage; mapped tests,
P26-REQ-040,Regional Pricing,verified,built,,inputs; library snapshot/version; formulas/rules; units; output values; rounding; scenario behavior; overrides; audit lineage; mapped tests,
P26-REQ-041,Vendor Quote Override,verified,built,,inputs; library snapshot/version; formulas/rules; units; output values; rounding; scenario behavior; overrides; audit lineage; mapped tests,
P26-REQ-042,Snapshot Reproducibility,verified,built,,inputs; library snapshot/version; formulas/rules; units; output values; rounding; scenario behavior; overrides; audit lineage; mapped tests,
P26-REQ-043,Service Catalog Writeback,not_verified,not_built,,inputs; library snapshot/version; formulas/rules; units; output values; rounding; scenario behavior; overrides; audit lineage; mapped tests,An estimator-created service cannot be approved back into the catalog.
P26-REQ-044,AI Estimate Assist,not_verified,not_built,,inputs; library snapshot/version; formulas/rules; units; output values; rounding; scenario behavior; overrides; audit lineage; mapped tests,The one AI agent analyses documents. Nothing assists with an estimate.
P26-REQ-045,Estimate Review & Approval,verified,built,,inputs; library snapshot/version; formulas/rules; units; output values; rounding; scenario behavior; overrides; audit lineage; mapped tests,
P26-REQ-046,Estimate Export,verified,built,,inputs; library snapshot/version; formulas/rules; units; output values; rounding; scenario behavior; overrides; audit lineage; mapped tests,
P26-REQ-047,Proposal Handoff,verified,built,,inputs; library snapshot/version; formulas/rules; units; output values; rounding; scenario behavior; overrides; audit lineage; mapped tests,
P26-REQ-048,Job Cost Baseline,verified,built,,inputs; library snapshot/version; formulas/rules; units; output values; rounding; scenario behavior; overrides; audit lineage; mapped tests,
P26-REQ-049,Audit & Traceability,verified,built,,inputs; library snapshot/version; formulas/rules; units; output values; rounding; scenario behavior; overrides; audit lineage; mapped tests,
P26-REQ-050,Estimate Lifecycle,verified,built,,inputs; library snapshot/version; formulas/rules; units; output values; rounding; scenario behavior; overrides; audit lineage; mapped tests,
P26-REQ-051,Estimate Versions,verified,built,,inputs; library snapshot/version; formulas/rules; units; output values; rounding; scenario behavior; overrides; audit lineage; mapped tests,
P26-REQ-052,Estimate Templates,not_verified,not_built,,inputs; library snapshot/version; formulas/rules; units; output values; rounding; scenario behavior; overrides; audit lineage; mapped tests,No template entity or instantiation path.
P26-REQ-053,Service Selection,not_verified,partial,,inputs; library snapshot/version; formulas/rules; units; output values; rounding; scenario behavior; overrides; audit lineage; mapped tests,"The service library exists and is three-tier, but nothing selects a service for a scope; an estimator picks it."
P26-REQ-054,Assembly Expansion,verified,built,,inputs; library snapshot/version; formulas/rules; units; output values; rounding; scenario behavior; overrides; audit lineage; mapped tests,
P26-REQ-055,Quantity Input,verified,built,,inputs; library snapshot/version; formulas/rules; units; output values; rounding; scenario behavior; overrides; audit lineage; mapped tests,
P26-REQ-056,Quantity Takeoff Intake,not_verified,not_built,,inputs; library snapshot/version; formulas/rules; units; output values; rounding; scenario behavior; overrides; audit lineage; mapped tests,"Documents are ingested and classified by sheet, but nothing measures; there is no takeoff to intake."
P26-REQ-057,Labor Cost,verified,built,,inputs; library snapshot/version; formulas/rules; units; output values; rounding; scenario behavior; overrides; audit lineage; mapped tests,
P26-REQ-058,Labor Burden,verified,built,,inputs; library snapshot/version; formulas/rules; units; output values; rounding; scenario behavior; overrides; audit lineage; mapped tests,
P26-REQ-059,Crew Composition,verified,built,,inputs; library snapshot/version; formulas/rules; units; output values; rounding; scenario behavior; overrides; audit lineage; mapped tests,
P26-REQ-060,Crew Size Recommendation,not_verified,not_built,,inputs; library snapshot/version; formulas/rules; units; output values; rounding; scenario behavior; overrides; audit lineage; mapped tests,"The bottleneck analysis names the controlling resource, but nothing recommends a crew size."
P26-REQ-061,Equipment Selection,not_verified,partial,,inputs; library snapshot/version; formulas/rules; units; output values; rounding; scenario behavior; overrides; audit lineage; mapped tests,Equipment and its rates exist; nothing recommends which machine suits an operation.
P26-REQ-062,Equipment Cost,verified,built,,inputs; library snapshot/version; formulas/rules; units; output values; rounding; scenario behavior; overrides; audit lineage; mapped tests,
P26-REQ-063,Equipment Rate Selection,verified,built,,inputs; library snapshot/version; formulas/rules; units; output values; rounding; scenario behavior; overrides; audit lineage; mapped tests,
P26-REQ-064,Fuel Consumption,verified,built,,inputs; library snapshot/version; formulas/rules; units; output values; rounding; scenario behavior; overrides; audit lineage; mapped tests,
P26-REQ-065,Truck Selection,not_verified,partial,,inputs; library snapshot/version; formulas/rules; units; output values; rounding; scenario behavior; overrides; audit lineage; mapped tests,Truck rates exist; nothing recommends a truck type for a haul.
P26-REQ-066,Truck Cycle Calculation,verified,built,,inputs; library snapshot/version; formulas/rules; units; output values; rounding; scenario behavior; overrides; audit lineage; mapped tests,
P26-REQ-067,Truck Count,verified,built,,inputs; library snapshot/version; formulas/rules; units; output values; rounding; scenario behavior; overrides; audit lineage; mapped tests,
P26-REQ-068,Haul Distance,verified,built,,inputs; library snapshot/version; formulas/rules; units; output values; rounding; scenario behavior; overrides; audit lineage; mapped tests,
P26-REQ-069,Disposal Cost,not_verified,partial,,inputs; library snapshot/version; formulas/rules; units; output values; rounding; scenario behavior; overrides; audit lineage; mapped tests,"disposal_sites carries a tipping fee and the haul engine prices disposal as part of the cycle, but no engine derives disposal cost from volume, density and fee."
P26-REQ-070,Material Cost,verified,built,,inputs; library snapshot/version; formulas/rules; units; output values; rounding; scenario behavior; overrides; audit lineage; mapped tests,
P26-REQ-071,Material Waste,verified,built,,inputs; library snapshot/version; formulas/rules; units; output values; rounding; scenario behavior; overrides; audit lineage; mapped tests,
P26-REQ-072,Subcontract Cost,not_verified,partial,,inputs; library snapshot/version; formulas/rules; units; output values; rounding; scenario behavior; overrides; audit lineage; mapped tests,"Subcontract is a visible cost bucket, but no engine derives it from a scope and a quote."
P26-REQ-073,Production Rate,verified,built,,inputs; library snapshot/version; formulas/rules; units; output values; rounding; scenario behavior; overrides; audit lineage; mapped tests,
P26-REQ-074,Production Modifiers,verified,built,,inputs; library snapshot/version; formulas/rules; units; output values; rounding; scenario behavior; overrides; audit lineage; mapped tests,
P26-REQ-075,Duration Calculation,verified,built,,inputs; library snapshot/version; formulas/rules; units; output values; rounding; scenario behavior; overrides; audit lineage; mapped tests,
P26-REQ-076,Work Hours & Shifts,verified,built,,inputs; library snapshot/version; formulas/rules; units; output values; rounding; scenario behavior; overrides; audit lineage; mapped tests,
P26-REQ-077,Mobilization,not_verified,partial,,inputs; library snapshot/version; formulas/rules; units; output values; rounding; scenario behavior; overrides; audit lineage; mapped tests,"Equipment carries a mobilization cost and the estimate has a cost_equipment_mob column, but no engine derives mobilization from distance, machine count and haul permits."
P26-REQ-078,Demobilization,not_verified,partial,,inputs; library snapshot/version; formulas/rules; units; output values; rounding; scenario behavior; overrides; audit lineage; mapped tests,Same as mobilization; demobilization is not separately derived.
P26-REQ-079,Indirect Costs,verified,built,,inputs; library snapshot/version; formulas/rules; units; output values; rounding; scenario behavior; overrides; audit lineage; mapped tests,
P26-REQ-080,Contingency,verified,built,,inputs; library snapshot/version; formulas/rules; units; output values; rounding; scenario behavior; overrides; audit lineage; mapped tests,
P26-REQ-081,Markup,verified,built,,inputs; library snapshot/version; formulas/rules; units; output values; rounding; scenario behavior; overrides; audit lineage; mapped tests,
P26-REQ-082,Overhead & Profit,verified,built,,inputs; library snapshot/version; formulas/rules; units; output values; rounding; scenario behavior; overrides; audit lineage; mapped tests,
P26-REQ-083,Tax & Bond,verified,built,,inputs; library snapshot/version; formulas/rules; units; output values; rounding; scenario behavior; overrides; audit lineage; mapped tests,
P26-REQ-084,Unit Price,verified,built,,inputs; library snapshot/version; formulas/rules; units; output values; rounding; scenario behavior; overrides; audit lineage; mapped tests,
P26-REQ-085,Bid Price,verified,built,,inputs; library snapshot/version; formulas/rules; units; output values; rounding; scenario behavior; overrides; audit lineage; mapped tests,
P26-REQ-086,Low/High Range,verified,built,,inputs; library snapshot/version; formulas/rules; units; output values; rounding; scenario behavior; overrides; audit lineage; mapped tests,
P26-REQ-087,Scenario Comparison,verified,built,,inputs; library snapshot/version; formulas/rules; units; output values; rounding; scenario behavior; overrides; audit lineage; mapped tests,
P26-REQ-088,Estimate Confidence,verified,built,,inputs; library snapshot/version; formulas/rules; units; output values; rounding; scenario behavior; overrides; audit lineage; mapped tests,
P26-REQ-089,Regional Pricing,verified,built,,inputs; library snapshot/version; formulas/rules; units; output values; rounding; scenario behavior; overrides; audit lineage; mapped tests,
P26-REQ-090,Vendor Quote Override,verified,built,,inputs; library snapshot/version; formulas/rules; units; output values; rounding; scenario behavior; overrides; audit lineage; mapped tests,
P26-REQ-091,Snapshot Reproducibility,verified,built,,inputs; library snapshot/version; formulas/rules; units; output values; rounding; scenario behavior; overrides; audit lineage; mapped tests,
P26-REQ-092,Service Catalog Writeback,not_verified,not_built,,inputs; library snapshot/version; formulas/rules; units; output values; rounding; scenario behavior; overrides; audit lineage; mapped tests,An estimator-created service cannot be approved back into the catalog.
P26-REQ-093,AI Estimate Assist,not_verified,not_built,,inputs; library snapshot/version; formulas/rules; units; output values; rounding; scenario behavior; overrides; audit lineage; mapped tests,The one AI agent analyses documents. Nothing assists with an estimate.
P26-REQ-094,Estimate Review & Approval,verified,built,,inputs; library snapshot/version; formulas/rules; units; output values; rounding; scenario behavior; overrides; audit lineage; mapped tests,
P26-REQ-095,Estimate Export,verified,built,,inputs; library snapshot/version; formulas/rules; units; output values; rounding; scenario behavior; overrides; audit lineage; mapped tests,
P26-REQ-096,Proposal Handoff,verified,built,,inputs; library snapshot/version; formulas/rules; units; output values; rounding; scenario behavior; overrides; audit lineage; mapped tests,
P26-REQ-097,Job Cost Baseline,verified,built,,inputs; library snapshot/version; formulas/rules; units; output values; rounding; scenario behavior; overrides; audit lineage; mapped tests,
P26-REQ-098,Audit & Traceability,verified,built,,inputs; library snapshot/version; formulas/rules; units; output values; rounding; scenario behavior; overrides; audit lineage; mapped tests,
P26-REQ-099,Estimate Lifecycle,verified,built,,inputs; library snapshot/version; formulas/rules; units; output values; rounding; scenario behavior; overrides; audit lineage; mapped tests,
P26-REQ-100,Estimate Versions,verified,built,,inputs; library snapshot/version; formulas/rules; units; output values; rounding; scenario behavior; overrides; audit lineage; mapped tests,
P26-REQ-101,Estimate Templates,not_verified,not_built,,inputs; library snapshot/version; formulas/rules; units; output values; rounding; scenario behavior; overrides; audit lineage; mapped tests,No template entity or instantiation path.
P26-REQ-102,Service Selection,not_verified,partial,,inputs; library snapshot/version; formulas/rules; units; output values; rounding; scenario behavior; overrides; audit lineage; mapped tests,"The service library exists and is three-tier, but nothing selects a service for a scope; an estimator picks it."
P26-REQ-103,Assembly Expansion,verified,built,,inputs; library snapshot/version; formulas/rules; units; output values; rounding; scenario behavior; overrides; audit lineage; mapped tests,
P26-REQ-104,Quantity Input,verified,built,,inputs; library snapshot/version; formulas/rules; units; output values; rounding; scenario behavior; overrides; audit lineage; mapped tests,
P26-REQ-105,Quantity Takeoff Intake,not_verified,not_built,,inputs; library snapshot/version; formulas/rules; units; output values; rounding; scenario behavior; overrides; audit lineage; mapped tests,"Documents are ingested and classified by sheet, but nothing measures; there is no takeoff to intake."
P26-REQ-106,Labor Cost,verified,built,,inputs; library snapshot/version; formulas/rules; units; output values; rounding; scenario behavior; overrides; audit lineage; mapped tests,
P26-REQ-107,Labor Burden,verified,built,,inputs; library snapshot/version; formulas/rules; units; output values; rounding; scenario behavior; overrides; audit lineage; mapped tests,
P26-REQ-108,Crew Composition,verified,built,,inputs; library snapshot/version; formulas/rules; units; output values; rounding; scenario behavior; overrides; audit lineage; mapped tests,
P26-REQ-109,Crew Size Recommendation,not_verified,not_built,,inputs; library snapshot/version; formulas/rules; units; output values; rounding; scenario behavior; overrides; audit lineage; mapped tests,"The bottleneck analysis names the controlling resource, but nothing recommends a crew size."
P26-REQ-110,Equipment Selection,not_verified,partial,,inputs; library snapshot/version; formulas/rules; units; output values; rounding; scenario behavior; overrides; audit lineage; mapped tests,Equipment and its rates exist; nothing recommends which machine suits an operation.
P26-REQ-111,Equipment Cost,verified,built,,inputs; library snapshot/version; formulas/rules; units; output values; rounding; scenario behavior; overrides; audit lineage; mapped tests,
P26-REQ-112,Equipment Rate Selection,verified,built,,inputs; library snapshot/version; formulas/rules; units; output values; rounding; scenario behavior; overrides; audit lineage; mapped tests,
P26-REQ-113,Fuel Consumption,verified,built,,inputs; library snapshot/version; formulas/rules; units; output values; rounding; scenario behavior; overrides; audit lineage; mapped tests,
P26-REQ-114,Truck Selection,not_verified,partial,,inputs; library snapshot/version; formulas/rules; units; output values; rounding; scenario behavior; overrides; audit lineage; mapped tests,Truck rates exist; nothing recommends a truck type for a haul.
P26-REQ-115,Truck Cycle Calculation,verified,built,,inputs; library snapshot/version; formulas/rules; units; output values; rounding; scenario behavior; overrides; audit lineage; mapped tests,
P26-REQ-116,Truck Count,verified,built,,inputs; library snapshot/version; formulas/rules; units; output values; rounding; scenario behavior; overrides; audit lineage; mapped tests,
P26-REQ-117,Haul Distance,verified,built,,inputs; library snapshot/version; formulas/rules; units; output values; rounding; scenario behavior; overrides; audit lineage; mapped tests,
P26-REQ-118,Disposal Cost,not_verified,partial,,inputs; library snapshot/version; formulas/rules; units; output values; rounding; scenario behavior; overrides; audit lineage; mapped tests,"disposal_sites carries a tipping fee and the haul engine prices disposal as part of the cycle, but no engine derives disposal cost from volume, density and fee."
P26-REQ-119,Material Cost,verified,built,,inputs; library snapshot/version; formulas/rules; units; output values; rounding; scenario behavior; overrides; audit lineage; mapped tests,
P26-REQ-120,Material Waste,verified,built,,inputs; library snapshot/version; formulas/rules; units; output values; rounding; scenario behavior; overrides; audit lineage; mapped tests,
P26-REQ-121,Subcontract Cost,not_verified,partial,,inputs; library snapshot/version; formulas/rules; units; output values; rounding; scenario behavior; overrides; audit lineage; mapped tests,"Subcontract is a visible cost bucket, but no engine derives it from a scope and a quote."
P26-REQ-122,Production Rate,verified,built,,inputs; library snapshot/version; formulas/rules; units; output values; rounding; scenario behavior; overrides; audit lineage; mapped tests,
P26-REQ-123,Production Modifiers,verified,built,,inputs; library snapshot/version; formulas/rules; units; output values; rounding; scenario behavior; overrides; audit lineage; mapped tests,
P26-REQ-124,Duration Calculation,verified,built,,inputs; library snapshot/version; formulas/rules; units; output values; rounding; scenario behavior; overrides; audit lineage; mapped tests,
P26-REQ-125,Work Hours & Shifts,verified,built,,inputs; library snapshot/version; formulas/rules; units; output values; rounding; scenario behavior; overrides; audit lineage; mapped tests,
P26-REQ-126,Mobilization,not_verified,partial,,inputs; library snapshot/version; formulas/rules; units; output values; rounding; scenario behavior; overrides; audit lineage; mapped tests,"Equipment carries a mobilization cost and the estimate has a cost_equipment_mob column, but no engine derives mobilization from distance, machine count and haul permits."
P26-REQ-127,Demobilization,not_verified,partial,,inputs; library snapshot/version; formulas/rules; units; output values; rounding; scenario behavior; overrides; audit lineage; mapped tests,Same as mobilization; demobilization is not separately derived.
P26-REQ-128,Indirect Costs,verified,built,,inputs; library snapshot/version; formulas/rules; units; output values; rounding; scenario behavior; overrides; audit lineage; mapped tests,
P26-REQ-129,Contingency,verified,built,,inputs; library snapshot/version; formulas/rules; units; output values; rounding; scenario behavior; overrides; audit lineage; mapped tests,
P26-REQ-130,Markup,verified,built,,inputs; library snapshot/version; formulas/rules; units; output values; rounding; scenario behavior; overrides; audit lineage; mapped tests,
P26-REQ-131,Overhead & Profit,verified,built,,inputs; library snapshot/version; formulas/rules; units; output values; rounding; scenario behavior; overrides; audit lineage; mapped tests,
P26-REQ-132,Tax & Bond,verified,built,,inputs; library snapshot/version; formulas/rules; units; output values; rounding; scenario behavior; overrides; audit lineage; mapped tests,
P26-REQ-133,Unit Price,verified,built,,inputs; library snapshot/version; formulas/rules; units; output values; rounding; scenario behavior; overrides; audit lineage; mapped tests,
P26-REQ-134,Bid Price,verified,built,,inputs; library snapshot/version; formulas/rules; units; output values; rounding; scenario behavior; overrides; audit lineage; mapped tests,
P26-REQ-135,Low/High Range,verified,built,,inputs; library snapshot/version; formulas/rules; units; output values; rounding; scenario behavior; overrides; audit lineage; mapped tests,
P26-REQ-136,Scenario Comparison,verified,built,,inputs; library snapshot/version; formulas/rules; units; output values; rounding; scenario behavior; overrides; audit lineage; mapped tests,
P26-REQ-137,Estimate Confidence,verified,built,,inputs; library snapshot/version; formulas/rules; units; output values; rounding; scenario behavior; overrides; audit lineage; mapped tests,
P26-REQ-138,Regional Pricing,verified,built,,inputs; library snapshot/version; formulas/rules; units; output values; rounding; scenario behavior; overrides; audit lineage; mapped tests,
P26-REQ-139,Vendor Quote Override,verified,built,,inputs; library snapshot/version; formulas/rules; units; output values; rounding; scenario behavior; overrides; audit lineage; mapped tests,
P26-REQ-140,Snapshot Reproducibility,verified,built,,inputs; library snapshot/version; formulas/rules; units; output values; rounding; scenario behavior; overrides; audit lineage; mapped tests,
P26-REQ-141,Service Catalog Writeback,not_verified,not_built,,inputs; library snapshot/version; formulas/rules; units; output values; rounding; scenario behavior; overrides; audit lineage; mapped tests,An estimator-created service cannot be approved back into the catalog.
P26-REQ-142,AI Estimate Assist,not_verified,not_built,,inputs; library snapshot/version; formulas/rules; units; output values; rounding; scenario behavior; overrides; audit lineage; mapped tests,The one AI agent analyses documents. Nothing assists with an estimate.
P26-REQ-143,Estimate Review & Approval,verified,built,,inputs; library snapshot/version; formulas/rules; units; output values; rounding; scenario behavior; overrides; audit lineage; mapped tests,
P26-REQ-144,Estimate Export,verified,built,,inputs; library snapshot/version; formulas/rules; units; output values; rounding; scenario behavior; overrides; audit lineage; mapped tests,
P26-REQ-145,Proposal Handoff,verified,built,,inputs; library snapshot/version; formulas/rules; units; output values; rounding; scenario behavior; overrides; audit lineage; mapped tests,
P26-REQ-146,Job Cost Baseline,verified,built,,inputs; library snapshot/version; formulas/rules; units; output values; rounding; scenario behavior; overrides; audit lineage; mapped tests,
P26-REQ-147,Audit & Traceability,verified,built,,inputs; library snapshot/version; formulas/rules; units; output values; rounding; scenario behavior; overrides; audit lineage; mapped tests,
P26-REQ-148,Estimate Lifecycle,verified,built,,inputs; library snapshot/version; formulas/rules; units; output values; rounding; scenario behavior; overrides; audit lineage; mapped tests,
P26-REQ-149,Estimate Versions,verified,built,,inputs; library snapshot/version; formulas/rules; units; output values; rounding; scenario behavior; overrides; audit lineage; mapped tests,
P26-REQ-150,Estimate Templates,not_verified,not_built,,inputs; library snapshot/version; formulas/rules; units; output values; rounding; scenario behavior; overrides; audit lineage; mapped tests,No template entity or instantiation path.
P26-REQ-151,Service Selection,not_verified,partial,,inputs; library snapshot/version; formulas/rules; units; output values; rounding; scenario behavior; overrides; audit lineage; mapped tests,"The service library exists and is three-tier, but nothing selects a service for a scope; an estimator picks it."
P26-REQ-152,Assembly Expansion,verified,built,,inputs; library snapshot/version; formulas/rules; units; output values; rounding; scenario behavior; overrides; audit lineage; mapped tests,
P26-REQ-153,Quantity Input,verified,built,,inputs; library snapshot/version; formulas/rules; units; output values; rounding; scenario behavior; overrides; audit lineage; mapped tests,
P26-REQ-154,Quantity Takeoff Intake,not_verified,not_built,,inputs; library snapshot/version; formulas/rules; units; output values; rounding; scenario behavior; overrides; audit lineage; mapped tests,"Documents are ingested and classified by sheet, but nothing measures; there is no takeoff to intake."
P26-REQ-155,Labor Cost,verified,built,,inputs; library snapshot/version; formulas/rules; units; output values; rounding; scenario behavior; overrides; audit lineage; mapped tests,
P26-REQ-156,Labor Burden,verified,built,,inputs; library snapshot/version; formulas/rules; units; output values; rounding; scenario behavior; overrides; audit lineage; mapped tests,
P26-REQ-157,Crew Composition,verified,built,,inputs; library snapshot/version; formulas/rules; units; output values; rounding; scenario behavior; overrides; audit lineage; mapped tests,
P26-REQ-158,Crew Size Recommendation,not_verified,not_built,,inputs; library snapshot/version; formulas/rules; units; output values; rounding; scenario behavior; overrides; audit lineage; mapped tests,"The bottleneck analysis names the controlling resource, but nothing recommends a crew size."
P26-REQ-159,Equipment Selection,not_verified,partial,,inputs; library snapshot/version; formulas/rules; units; output values; rounding; scenario behavior; overrides; audit lineage; mapped tests,Equipment and its rates exist; nothing recommends which machine suits an operation.
P26-REQ-160,Equipment Cost,verified,built,,inputs; library snapshot/version; formulas/rules; units; output values; rounding; scenario behavior; overrides; audit lineage; mapped tests,
P26-REQ-161,Equipment Rate Selection,verified,built,,inputs; library snapshot/version; formulas/rules; units; output values; rounding; scenario behavior; overrides; audit lineage; mapped tests,
P26-REQ-162,Fuel Consumption,verified,built,,inputs; library snapshot/version; formulas/rules; units; output values; rounding; scenario behavior; overrides; audit lineage; mapped tests,
P26-REQ-163,Truck Selection,not_verified,partial,,inputs; library snapshot/version; formulas/rules; units; output values; rounding; scenario behavior; overrides; audit lineage; mapped tests,Truck rates exist; nothing recommends a truck type for a haul.
P26-REQ-164,Truck Cycle Calculation,verified,built,,inputs; library snapshot/version; formulas/rules; units; output values; rounding; scenario behavior; overrides; audit lineage; mapped tests,
P26-REQ-165,Truck Count,verified,built,,inputs; library snapshot/version; formulas/rules; units; output values; rounding; scenario behavior; overrides; audit lineage; mapped tests,
P26-REQ-166,Haul Distance,verified,built,,inputs; library snapshot/version; formulas/rules; units; output values; rounding; scenario behavior; overrides; audit lineage; mapped tests,
P26-REQ-167,Disposal Cost,not_verified,partial,,inputs; library snapshot/version; formulas/rules; units; output values; rounding; scenario behavior; overrides; audit lineage; mapped tests,"disposal_sites carries a tipping fee and the haul engine prices disposal as part of the cycle, but no engine derives disposal cost from volume, density and fee."
P26-REQ-168,Material Cost,verified,built,,inputs; library snapshot/version; formulas/rules; units; output values; rounding; scenario behavior; overrides; audit lineage; mapped tests,
P26-REQ-169,Material Waste,verified,built,,inputs; library snapshot/version; formulas/rules; units; output values; rounding; scenario behavior; overrides; audit lineage; mapped tests,
P26-REQ-170,Subcontract Cost,not_verified,partial,,inputs; library snapshot/version; formulas/rules; units; output values; rounding; scenario behavior; overrides; audit lineage; mapped tests,"Subcontract is a visible cost bucket, but no engine derives it from a scope and a quote."
P26-REQ-171,Production Rate,verified,built,,inputs; library snapshot/version; formulas/rules; units; output values; rounding; scenario behavior; overrides; audit lineage; mapped tests,
P26-REQ-172,Production Modifiers,verified,built,,inputs; library snapshot/version; formulas/rules; units; output values; rounding; scenario behavior; overrides; audit lineage; mapped tests,
P26-REQ-173,Duration Calculation,verified,built,,inputs; library snapshot/version; formulas/rules; units; output values; rounding; scenario behavior; overrides; audit lineage; mapped tests,
P26-REQ-174,Work Hours & Shifts,verified,built,,inputs; library snapshot/version; formulas/rules; units; output values; rounding; scenario behavior; overrides; audit lineage; mapped tests,
P26-REQ-175,Mobilization,not_verified,partial,,inputs; library snapshot/version; formulas/rules; units; output values; rounding; scenario behavior; overrides; audit lineage; mapped tests,"Equipment carries a mobilization cost and the estimate has a cost_equipment_mob column, but no engine derives mobilization from distance, machine count and haul permits."
P26-REQ-176,Demobilization,not_verified,partial,,inputs; library snapshot/version; formulas/rules; units; output values; rounding; scenario behavior; overrides; audit lineage; mapped tests,Same as mobilization; demobilization is not separately derived.
P26-REQ-177,Indirect Costs,verified,built,,inputs; library snapshot/version; formulas/rules; units; output values; rounding; scenario behavior; overrides; audit lineage; mapped tests,
P26-REQ-178,Contingency,verified,built,,inputs; library snapshot/version; formulas/rules; units; output values; rounding; scenario behavior; overrides; audit lineage; mapped tests,
P26-REQ-179,Markup,verified,built,,inputs; library snapshot/version; formulas/rules; units; output values; rounding; scenario behavior; overrides; audit lineage; mapped tests,
P26-REQ-180,Overhead & Profit,verified,built,,inputs; library snapshot/version; formulas/rules; units; output values; rounding; scenario behavior; overrides; audit lineage; mapped tests,
P26-REQ-181,Tax & Bond,verified,built,,inputs; library snapshot/version; formulas/rules; units; output values; rounding; scenario behavior; overrides; audit lineage; mapped tests,
P26-REQ-182,Unit Price,verified,built,,inputs; library snapshot/version; formulas/rules; units; output values; rounding; scenario behavior; overrides; audit lineage; mapped tests,
P26-REQ-183,Bid Price,verified,built,,inputs; library snapshot/version; formulas/rules; units; output values; rounding; scenario behavior; overrides; audit lineage; mapped tests,
P26-REQ-184,Low/High Range,verified,built,,inputs; library snapshot/version; formulas/rules; units; output values; rounding; scenario behavior; overrides; audit lineage; mapped tests,
P26-REQ-185,Scenario Comparison,verified,built,,inputs; library snapshot/version; formulas/rules; units; output values; rounding; scenario behavior; overrides; audit lineage; mapped tests,
P26-REQ-186,Estimate Confidence,verified,built,,inputs; library snapshot/version; formulas/rules; units; output values; rounding; scenario behavior; overrides; audit lineage; mapped tests,
P26-REQ-187,Regional Pricing,verified,built,,inputs; library snapshot/version; formulas/rules; units; output values; rounding; scenario behavior; overrides; audit lineage; mapped tests,
P26-REQ-188,Vendor Quote Override,verified,built,,inputs; library snapshot/version; formulas/rules; units; output values; rounding; scenario behavior; overrides; audit lineage; mapped tests,
P26-REQ-189,Snapshot Reproducibility,verified,built,,inputs; library snapshot/version; formulas/rules; units; output values; rounding; scenario behavior; overrides; audit lineage; mapped tests,
P26-REQ-190,Service Catalog Writeback,not_verified,not_built,,inputs; library snapshot/version; formulas/rules; units; output values; rounding; scenario behavior; overrides; audit lineage; mapped tests,An estimator-created service cannot be approved back into the catalog.
P26-REQ-191,AI Estimate Assist,not_verified,not_built,,inputs; library snapshot/version; formulas/rules; units; output values; rounding; scenario behavior; overrides; audit lineage; mapped tests,The one AI agent analyses documents. Nothing assists with an estimate.
P26-REQ-192,Estimate Review & Approval,verified,built,,inputs; library snapshot/version; formulas/rules; units; output values; rounding; scenario behavior; overrides; audit lineage; mapped tests,
P26-REQ-193,Estimate Export,verified,built,,inputs; library snapshot/version; formulas/rules; units; output values; rounding; scenario behavior; overrides; audit lineage; mapped tests,
P26-REQ-194,Proposal Handoff,verified,built,,inputs; library snapshot/version; formulas/rules; units; output values; rounding; scenario behavior; overrides; audit lineage; mapped tests,
P26-REQ-195,Job Cost Baseline,verified,built,,inputs; library snapshot/version; formulas/rules; units; output values; rounding; scenario behavior; overrides; audit lineage; mapped tests,
P26-REQ-196,Audit & Traceability,verified,built,,inputs; library snapshot/version; formulas/rules; units; output values; rounding; scenario behavior; overrides; audit lineage; mapped tests,
P26-REQ-197,Estimate Lifecycle,verified,built,,inputs; library snapshot/version; formulas/rules; units; output values; rounding; scenario behavior; overrides; audit lineage; mapped tests,
P26-REQ-198,Estimate Versions,verified,built,,inputs; library snapshot/version; formulas/rules; units; output values; rounding; scenario behavior; overrides; audit lineage; mapped tests,
P26-REQ-199,Estimate Templates,not_verified,not_built,,inputs; library snapshot/version; formulas/rules; units; output values; rounding; scenario behavior; overrides; audit lineage; mapped tests,No template entity or instantiation path.
P26-REQ-200,Service Selection,not_verified,partial,,inputs; library snapshot/version; formulas/rules; units; output values; rounding; scenario behavior; overrides; audit lineage; mapped tests,"The service library exists and is three-tier, but nothing selects a service for a scope; an estimator picks it."
P26-REQ-201,Assembly Expansion,verified,built,,inputs; library snapshot/version; formulas/rules; units; output values; rounding; scenario behavior; overrides; audit lineage; mapped tests,
P26-REQ-202,Quantity Input,verified,built,,inputs; library snapshot/version; formulas/rules; units; output values; rounding; scenario behavior; overrides; audit lineage; mapped tests,
P26-REQ-203,Quantity Takeoff Intake,not_verified,not_built,,inputs; library snapshot/version; formulas/rules; units; output values; rounding; scenario behavior; overrides; audit lineage; mapped tests,"Documents are ingested and classified by sheet, but nothing measures; there is no takeoff to intake."
P26-REQ-204,Labor Cost,verified,built,,inputs; library snapshot/version; formulas/rules; units; output values; rounding; scenario behavior; overrides; audit lineage; mapped tests,
P26-REQ-205,Labor Burden,verified,built,,inputs; library snapshot/version; formulas/rules; units; output values; rounding; scenario behavior; overrides; audit lineage; mapped tests,
P26-REQ-206,Crew Composition,verified,built,,inputs; library snapshot/version; formulas/rules; units; output values; rounding; scenario behavior; overrides; audit lineage; mapped tests,
P26-REQ-207,Crew Size Recommendation,not_verified,not_built,,inputs; library snapshot/version; formulas/rules; units; output values; rounding; scenario behavior; overrides; audit lineage; mapped tests,"The bottleneck analysis names the controlling resource, but nothing recommends a crew size."
P26-REQ-208,Equipment Selection,not_verified,partial,,inputs; library snapshot/version; formulas/rules; units; output values; rounding; scenario behavior; overrides; audit lineage; mapped tests,Equipment and its rates exist; nothing recommends which machine suits an operation.
P26-REQ-209,Equipment Cost,verified,built,,inputs; library snapshot/version; formulas/rules; units; output values; rounding; scenario behavior; overrides; audit lineage; mapped tests,
P26-REQ-210,Equipment Rate Selection,verified,built,,inputs; library snapshot/version; formulas/rules; units; output values; rounding; scenario behavior; overrides; audit lineage; mapped tests,
P26-REQ-211,Fuel Consumption,verified,built,,inputs; library snapshot/version; formulas/rules; units; output values; rounding; scenario behavior; overrides; audit lineage; mapped tests,
P26-REQ-212,Truck Selection,not_verified,partial,,inputs; library snapshot/version; formulas/rules; units; output values; rounding; scenario behavior; overrides; audit lineage; mapped tests,Truck rates exist; nothing recommends a truck type for a haul.
P26-REQ-213,Truck Cycle Calculation,verified,built,,inputs; library snapshot/version; formulas/rules; units; output values; rounding; scenario behavior; overrides; audit lineage; mapped tests,
P26-REQ-214,Truck Count,verified,built,,inputs; library snapshot/version; formulas/rules; units; output values; rounding; scenario behavior; overrides; audit lineage; mapped tests,
P26-REQ-215,Haul Distance,verified,built,,inputs; library snapshot/version; formulas/rules; units; output values; rounding; scenario behavior; overrides; audit lineage; mapped tests,
P26-REQ-216,Disposal Cost,not_verified,partial,,inputs; library snapshot/version; formulas/rules; units; output values; rounding; scenario behavior; overrides; audit lineage; mapped tests,"disposal_sites carries a tipping fee and the haul engine prices disposal as part of the cycle, but no engine derives disposal cost from volume, density and fee."
P26-REQ-217,Material Cost,verified,built,,inputs; library snapshot/version; formulas/rules; units; output values; rounding; scenario behavior; overrides; audit lineage; mapped tests,
P26-REQ-218,Material Waste,verified,built,,inputs; library snapshot/version; formulas/rules; units; output values; rounding; scenario behavior; overrides; audit lineage; mapped tests,
P26-REQ-219,Subcontract Cost,not_verified,partial,,inputs; library snapshot/version; formulas/rules; units; output values; rounding; scenario behavior; overrides; audit lineage; mapped tests,"Subcontract is a visible cost bucket, but no engine derives it from a scope and a quote."
P26-REQ-220,Production Rate,verified,built,,inputs; library snapshot/version; formulas/rules; units; output values; rounding; scenario behavior; overrides; audit lineage; mapped tests,
P26-REQ-221,Production Modifiers,verified,built,,inputs; library snapshot/version; formulas/rules; units; output values; rounding; scenario behavior; overrides; audit lineage; mapped tests,
P26-REQ-222,Duration Calculation,verified,built,,inputs; library snapshot/version; formulas/rules; units; output values; rounding; scenario behavior; overrides; audit lineage; mapped tests,
P26-REQ-223,Work Hours & Shifts,verified,built,,inputs; library snapshot/version; formulas/rules; units; output values; rounding; scenario behavior; overrides; audit lineage; mapped tests,
P26-REQ-224,Mobilization,not_verified,partial,,inputs; library snapshot/version; formulas/rules; units; output values; rounding; scenario behavior; overrides; audit lineage; mapped tests,"Equipment carries a mobilization cost and the estimate has a cost_equipment_mob column, but no engine derives mobilization from distance, machine count and haul permits."
P26-REQ-225,Demobilization,not_verified,partial,,inputs; library snapshot/version; formulas/rules; units; output values; rounding; scenario behavior; overrides; audit lineage; mapped tests,Same as mobilization; demobilization is not separately derived.
P26-REQ-226,Indirect Costs,verified,built,,inputs; library snapshot/version; formulas/rules; units; output values; rounding; scenario behavior; overrides; audit lineage; mapped tests,
P26-REQ-227,Contingency,verified,built,,inputs; library snapshot/version; formulas/rules; units; output values; rounding; scenario behavior; overrides; audit lineage; mapped tests,
P26-REQ-228,Markup,verified,built,,inputs; library snapshot/version; formulas/rules; units; output values; rounding; scenario behavior; overrides; audit lineage; mapped tests,
P26-REQ-229,Overhead & Profit,verified,built,,inputs; library snapshot/version; formulas/rules; units; output values; rounding; scenario behavior; overrides; audit lineage; mapped tests,
P26-REQ-230,Tax & Bond,verified,built,,inputs; library snapshot/version; formulas/rules; units; output values; rounding; scenario behavior; overrides; audit lineage; mapped tests,
P26-REQ-231,Unit Price,verified,built,,inputs; library snapshot/version; formulas/rules; units; output values; rounding; scenario behavior; overrides; audit lineage; mapped tests,
P26-REQ-232,Bid Price,verified,built,,inputs; library snapshot/version; formulas/rules; units; output values; rounding; scenario behavior; overrides; audit lineage; mapped tests,
P26-REQ-233,Low/High Range,verified,built,,inputs; library snapshot/version; formulas/rules; units; output values; rounding; scenario behavior; overrides; audit lineage; mapped tests,
P26-REQ-234,Scenario Comparison,verified,built,,inputs; library snapshot/version; formulas/rules; units; output values; rounding; scenario behavior; overrides; audit lineage; mapped tests,
P26-REQ-235,Estimate Confidence,verified,built,,inputs; library snapshot/version; formulas/rules; units; output values; rounding; scenario behavior; overrides; audit lineage; mapped tests,
P26-REQ-236,Regional Pricing,verified,built,,inputs; library snapshot/version; formulas/rules; units; output values; rounding; scenario behavior; overrides; audit lineage; mapped tests,
P26-REQ-237,Vendor Quote Override,verified,built,,inputs; library snapshot/version; formulas/rules; units; output values; rounding; scenario behavior; overrides; audit lineage; mapped tests,
P26-REQ-238,Snapshot Reproducibility,verified,built,,inputs; library snapshot/version; formulas/rules; units; output values; rounding; scenario behavior; overrides; audit lineage; mapped tests,
P26-REQ-239,Service Catalog Writeback,not_verified,not_built,,inputs; library snapshot/version; formulas/rules; units; output values; rounding; scenario behavior; overrides; audit lineage; mapped tests,An estimator-created service cannot be approved back into the catalog.
P26-REQ-240,AI Estimate Assist,not_verified,not_built,,inputs; library snapshot/version; formulas/rules; units; output values; rounding; scenario behavior; overrides; audit lineage; mapped tests,The one AI agent analyses documents. Nothing assists with an estimate.
P26-REQ-241,Estimate Review & Approval,verified,built,,inputs; library snapshot/version; formulas/rules; units; output values; rounding; scenario behavior; overrides; audit lineage; mapped tests,
P26-REQ-242,Estimate Export,verified,built,,inputs; library snapshot/version; formulas/rules; units; output values; rounding; scenario behavior; overrides; audit lineage; mapped tests,
P26-REQ-243,Proposal Handoff,verified,built,,inputs; library snapshot/version; formulas/rules; units; output values; rounding; scenario behavior; overrides; audit lineage; mapped tests,
P26-REQ-244,Job Cost Baseline,verified,built,,inputs; library snapshot/version; formulas/rules; units; output values; rounding; scenario behavior; overrides; audit lineage; mapped tests,
P26-REQ-245,Audit & Traceability,verified,built,,inputs; library snapshot/version; formulas/rules; units; output values; rounding; scenario behavior; overrides; audit lineage; mapped tests,
P26-REQ-246,Estimate Lifecycle,verified,built,,inputs; library snapshot/version; formulas/rules; units; output values; rounding; scenario behavior; overrides; audit lineage; mapped tests,
P26-REQ-247,Estimate Versions,verified,built,,inputs; library snapshot/version; formulas/rules; units; output values; rounding; scenario behavior; overrides; audit lineage; mapped tests,
P26-REQ-248,Estimate Templates,not_verified,not_built,,inputs; library snapshot/version; formulas/rules; units; output values; rounding; scenario behavior; overrides; audit lineage; mapped tests,No template entity or instantiation path.
P26-REQ-249,Service Selection,not_verified,partial,,inputs; library snapshot/version; formulas/rules; units; output values; rounding; scenario behavior; overrides; audit lineage; mapped tests,"The service library exists and is three-tier, but nothing selects a service for a scope; an estimator picks it."
P26-REQ-250,Assembly Expansion,verified,built,,inputs; library snapshot/version; formulas/rules; units; output values; rounding; scenario behavior; overrides; audit lineage; mapped tests,
P26-REQ-251,Quantity Input,verified,built,,inputs; library snapshot/version; formulas/rules; units; output values; rounding; scenario behavior; overrides; audit lineage; mapped tests,
P26-REQ-252,Quantity Takeoff Intake,not_verified,not_built,,inputs; library snapshot/version; formulas/rules; units; output values; rounding; scenario behavior; overrides; audit lineage; mapped tests,"Documents are ingested and classified by sheet, but nothing measures; there is no takeoff to intake."
P26-REQ-253,Labor Cost,verified,built,,inputs; library snapshot/version; formulas/rules; units; output values; rounding; scenario behavior; overrides; audit lineage; mapped tests,
P26-REQ-254,Labor Burden,verified,built,,inputs; library snapshot/version; formulas/rules; units; output values; rounding; scenario behavior; overrides; audit lineage; mapped tests,
P26-REQ-255,Crew Composition,verified,built,,inputs; library snapshot/version; formulas/rules; units; output values; rounding; scenario behavior; overrides; audit lineage; mapped tests,
P26-REQ-256,Crew Size Recommendation,not_verified,not_built,,inputs; library snapshot/version; formulas/rules; units; output values; rounding; scenario behavior; overrides; audit lineage; mapped tests,"The bottleneck analysis names the controlling resource, but nothing recommends a crew size."
P26-REQ-257,Equipment Selection,not_verified,partial,,inputs; library snapshot/version; formulas/rules; units; output values; rounding; scenario behavior; overrides; audit lineage; mapped tests,Equipment and its rates exist; nothing recommends which machine suits an operation.
P26-REQ-258,Equipment Cost,verified,built,,inputs; library snapshot/version; formulas/rules; units; output values; rounding; scenario behavior; overrides; audit lineage; mapped tests,
P26-REQ-259,Equipment Rate Selection,verified,built,,inputs; library snapshot/version; formulas/rules; units; output values; rounding; scenario behavior; overrides; audit lineage; mapped tests,
P26-REQ-260,Fuel Consumption,verified,built,,inputs; library snapshot/version; formulas/rules; units; output values; rounding; scenario behavior; overrides; audit lineage; mapped tests,
P26-REQ-261,Truck Selection,not_verified,partial,,inputs; library snapshot/version; formulas/rules; units; output values; rounding; scenario behavior; overrides; audit lineage; mapped tests,Truck rates exist; nothing recommends a truck type for a haul.
P26-REQ-262,Truck Cycle Calculation,verified,built,,inputs; library snapshot/version; formulas/rules; units; output values; rounding; scenario behavior; overrides; audit lineage; mapped tests,
P26-REQ-263,Truck Count,verified,built,,inputs; library snapshot/version; formulas/rules; units; output values; rounding; scenario behavior; overrides; audit lineage; mapped tests,
P26-REQ-264,Haul Distance,verified,built,,inputs; library snapshot/version; formulas/rules; units; output values; rounding; scenario behavior; overrides; audit lineage; mapped tests,
P26-REQ-265,Disposal Cost,not_verified,partial,,inputs; library snapshot/version; formulas/rules; units; output values; rounding; scenario behavior; overrides; audit lineage; mapped tests,"disposal_sites carries a tipping fee and the haul engine prices disposal as part of the cycle, but no engine derives disposal cost from volume, density and fee."
P26-REQ-266,Material Cost,verified,built,,inputs; library snapshot/version; formulas/rules; units; output values; rounding; scenario behavior; overrides; audit lineage; mapped tests,
P26-REQ-267,Material Waste,verified,built,,inputs; library snapshot/version; formulas/rules; units; output values; rounding; scenario behavior; overrides; audit lineage; mapped tests,
P26-REQ-268,Subcontract Cost,not_verified,partial,,inputs; library snapshot/version; formulas/rules; units; output values; rounding; scenario behavior; overrides; audit lineage; mapped tests,"Subcontract is a visible cost bucket, but no engine derives it from a scope and a quote."
P26-REQ-269,Production Rate,verified,built,,inputs; library snapshot/version; formulas/rules; units; output values; rounding; scenario behavior; overrides; audit lineage; mapped tests,
P26-REQ-270,Production Modifiers,verified,built,,inputs; library snapshot/version; formulas/rules; units; output values; rounding; scenario behavior; overrides; audit lineage; mapped tests,
P26-REQ-271,Duration Calculation,verified,built,,inputs; library snapshot/version; formulas/rules; units; output values; rounding; scenario behavior; overrides; audit lineage; mapped tests,
P26-REQ-272,Work Hours & Shifts,verified,built,,inputs; library snapshot/version; formulas/rules; units; output values; rounding; scenario behavior; overrides; audit lineage; mapped tests,
P26-REQ-273,Mobilization,not_verified,partial,,inputs; library snapshot/version; formulas/rules; units; output values; rounding; scenario behavior; overrides; audit lineage; mapped tests,"Equipment carries a mobilization cost and the estimate has a cost_equipment_mob column, but no engine derives mobilization from distance, machine count and haul permits."
P26-REQ-274,Demobilization,not_verified,partial,,inputs; library snapshot/version; formulas/rules; units; output values; rounding; scenario behavior; overrides; audit lineage; mapped tests,Same as mobilization; demobilization is not separately derived.
P26-REQ-275,Indirect Costs,verified,built,,inputs; library snapshot/version; formulas/rules; units; output values; rounding; scenario behavior; overrides; audit lineage; mapped tests,
P26-REQ-276,Contingency,verified,built,,inputs; library snapshot/version; formulas/rules; units; output values; rounding; scenario behavior; overrides; audit lineage; mapped tests,
P26-REQ-277,Markup,verified,built,,inputs; library snapshot/version; formulas/rules; units; output values; rounding; scenario behavior; overrides; audit lineage; mapped tests,
P26-REQ-278,Overhead & Profit,verified,built,,inputs; library snapshot/version; formulas/rules; units; output values; rounding; scenario behavior; overrides; audit lineage; mapped tests,
P26-REQ-279,Tax & Bond,verified,built,,inputs; library snapshot/version; formulas/rules; units; output values; rounding; scenario behavior; overrides; audit lineage; mapped tests,
P26-REQ-280,Unit Price,verified,built,,inputs; library snapshot/version; formulas/rules; units; output values; rounding; scenario behavior; overrides; audit lineage; mapped tests,
P26-REQ-281,Bid Price,verified,built,,inputs; library snapshot/version; formulas/rules; units; output values; rounding; scenario behavior; overrides; audit lineage; mapped tests,
P26-REQ-282,Low/High Range,verified,built,,inputs; library snapshot/version; formulas/rules; units; output values; rounding; scenario behavior; overrides; audit lineage; mapped tests,
P26-REQ-283,Scenario Comparison,verified,built,,inputs; library snapshot/version; formulas/rules; units; output values; rounding; scenario behavior; overrides; audit lineage; mapped tests,
P26-REQ-284,Estimate Confidence,verified,built,,inputs; library snapshot/version; formulas/rules; units; output values; rounding; scenario behavior; overrides; audit lineage; mapped tests,
P26-REQ-285,Regional Pricing,verified,built,,inputs; library snapshot/version; formulas/rules; units; output values; rounding; scenario behavior; overrides; audit lineage; mapped tests,
P26-REQ-286,Vendor Quote Override,verified,built,,inputs; library snapshot/version; formulas/rules; units; output values; rounding; scenario behavior; overrides; audit lineage; mapped tests,
P26-REQ-287,Snapshot Reproducibility,verified,built,,inputs; library snapshot/version; formulas/rules; units; output values; rounding; scenario behavior; overrides; audit lineage; mapped tests,
P26-REQ-288,Service Catalog Writeback,not_verified,not_built,,inputs; library snapshot/version; formulas/rules; units; output values; rounding; scenario behavior; overrides; audit lineage; mapped tests,An estimator-created service cannot be approved back into the catalog.
P26-REQ-289,AI Estimate Assist,not_verified,not_built,,inputs; library snapshot/version; formulas/rules; units; output values; rounding; scenario behavior; overrides; audit lineage; mapped tests,The one AI agent analyses documents. Nothing assists with an estimate.
P26-REQ-290,Estimate Review & Approval,verified,built,,inputs; library snapshot/version; formulas/rules; units; output values; rounding; scenario behavior; overrides; audit lineage; mapped tests,
P26-REQ-291,Estimate Export,verified,built,,inputs; library snapshot/version; formulas/rules; units; output values; rounding; scenario behavior; overrides; audit lineage; mapped tests,
P26-REQ-292,Proposal Handoff,verified,built,,inputs; library snapshot/version; formulas/rules; units; output values; rounding; scenario behavior; overrides; audit lineage; mapped tests,
P26-REQ-293,Job Cost Baseline,verified,built,,inputs; library snapshot/version; formulas/rules; units; output values; rounding; scenario behavior; overrides; audit lineage; mapped tests,
P26-REQ-294,Audit & Traceability,verified,built,,inputs; library snapshot/version; formulas/rules; units; output values; rounding; scenario behavior; overrides; audit lineage; mapped tests,
P26-REQ-295,Estimate Lifecycle,verified,built,,inputs; library snapshot/version; formulas/rules; units; output values; rounding; scenario behavior; overrides; audit lineage; mapped tests,
P26-REQ-296,Estimate Versions,verified,built,,inputs; library snapshot/version; formulas/rules; units; output values; rounding; scenario behavior; overrides; audit lineage; mapped tests,
P26-REQ-297,Estimate Templates,not_verified,not_built,,inputs; library snapshot/version; formulas/rules; units; output values; rounding; scenario behavior; overrides; audit lineage; mapped tests,No template entity or instantiation path.
P26-REQ-298,Service Selection,not_verified,partial,,inputs; library snapshot/version; formulas/rules; units; output values; rounding; scenario behavior; overrides; audit lineage; mapped tests,"The service library exists and is three-tier, but nothing selects a service for a scope; an estimator picks it."
P26-REQ-299,Assembly Expansion,verified,built,,inputs; library snapshot/version; formulas/rules; units; output values; rounding; scenario behavior; overrides; audit lineage; mapped tests,
P26-REQ-300,Quantity Input,verified,built,,inputs; library snapshot/version; formulas/rules; units; output values; rounding; scenario behavior; overrides; audit lineage; mapped tests,
P26-REQ-301,Quantity Takeoff Intake,not_verified,not_built,,inputs; library snapshot/version; formulas/rules; units; output values; rounding; scenario behavior; overrides; audit lineage; mapped tests,"Documents are ingested and classified by sheet, but nothing measures; there is no takeoff to intake."
P26-REQ-302,Labor Cost,verified,built,,inputs; library snapshot/version; formulas/rules; units; output values; rounding; scenario behavior; overrides; audit lineage; mapped tests,
P26-REQ-303,Labor Burden,verified,built,,inputs; library snapshot/version; formulas/rules; units; output values; rounding; scenario behavior; overrides; audit lineage; mapped tests,
P26-REQ-304,Crew Composition,verified,built,,inputs; library snapshot/version; formulas/rules; units; output values; rounding; scenario behavior; overrides; audit lineage; mapped tests,
P26-REQ-305,Crew Size Recommendation,not_verified,not_built,,inputs; library snapshot/version; formulas/rules; units; output values; rounding; scenario behavior; overrides; audit lineage; mapped tests,"The bottleneck analysis names the controlling resource, but nothing recommends a crew size."
P26-REQ-306,Equipment Selection,not_verified,partial,,inputs; library snapshot/version; formulas/rules; units; output values; rounding; scenario behavior; overrides; audit lineage; mapped tests,Equipment and its rates exist; nothing recommends which machine suits an operation.
P26-REQ-307,Equipment Cost,verified,built,,inputs; library snapshot/version; formulas/rules; units; output values; rounding; scenario behavior; overrides; audit lineage; mapped tests,
P26-REQ-308,Equipment Rate Selection,verified,built,,inputs; library snapshot/version; formulas/rules; units; output values; rounding; scenario behavior; overrides; audit lineage; mapped tests,
P26-REQ-309,Fuel Consumption,verified,built,,inputs; library snapshot/version; formulas/rules; units; output values; rounding; scenario behavior; overrides; audit lineage; mapped tests,
P26-REQ-310,Truck Selection,not_verified,partial,,inputs; library snapshot/version; formulas/rules; units; output values; rounding; scenario behavior; overrides; audit lineage; mapped tests,Truck rates exist; nothing recommends a truck type for a haul.
P26-REQ-311,Truck Cycle Calculation,verified,built,,inputs; library snapshot/version; formulas/rules; units; output values; rounding; scenario behavior; overrides; audit lineage; mapped tests,
P26-REQ-312,Truck Count,verified,built,,inputs; library snapshot/version; formulas/rules; units; output values; rounding; scenario behavior; overrides; audit lineage; mapped tests,
P26-REQ-313,Haul Distance,verified,built,,inputs; library snapshot/version; formulas/rules; units; output values; rounding; scenario behavior; overrides; audit lineage; mapped tests,
P26-REQ-314,Disposal Cost,not_verified,partial,,inputs; library snapshot/version; formulas/rules; units; output values; rounding; scenario behavior; overrides; audit lineage; mapped tests,"disposal_sites carries a tipping fee and the haul engine prices disposal as part of the cycle, but no engine derives disposal cost from volume, density and fee."
P26-REQ-315,Material Cost,verified,built,,inputs; library snapshot/version; formulas/rules; units; output values; rounding; scenario behavior; overrides; audit lineage; mapped tests,
P26-REQ-316,Material Waste,verified,built,,inputs; library snapshot/version; formulas/rules; units; output values; rounding; scenario behavior; overrides; audit lineage; mapped tests,
P26-REQ-317,Subcontract Cost,not_verified,partial,,inputs; library snapshot/version; formulas/rules; units; output values; rounding; scenario behavior; overrides; audit lineage; mapped tests,"Subcontract is a visible cost bucket, but no engine derives it from a scope and a quote."
P26-REQ-318,Production Rate,verified,built,,inputs; library snapshot/version; formulas/rules; units; output values; rounding; scenario behavior; overrides; audit lineage; mapped tests,
P26-REQ-319,Production Modifiers,verified,built,,inputs; library snapshot/version; formulas/rules; units; output values; rounding; scenario behavior; overrides; audit lineage; mapped tests,
P26-REQ-320,Duration Calculation,verified,built,,inputs; library snapshot/version; formulas/rules; units; output values; rounding; scenario behavior; overrides; audit lineage; mapped tests,
P26-REQ-321,Work Hours & Shifts,verified,built,,inputs; library snapshot/version; formulas/rules; units; output values; rounding; scenario behavior; overrides; audit lineage; mapped tests,
P26-REQ-322,Mobilization,not_verified,partial,,inputs; library snapshot/version; formulas/rules; units; output values; rounding; scenario behavior; overrides; audit lineage; mapped tests,"Equipment carries a mobilization cost and the estimate has a cost_equipment_mob column, but no engine derives mobilization from distance, machine count and haul permits."
P26-REQ-323,Demobilization,not_verified,partial,,inputs; library snapshot/version; formulas/rules; units; output values; rounding; scenario behavior; overrides; audit lineage; mapped tests,Same as mobilization; demobilization is not separately derived.
P26-REQ-324,Indirect Costs,verified,built,,inputs; library snapshot/version; formulas/rules; units; output values; rounding; scenario behavior; overrides; audit lineage; mapped tests,
P26-REQ-325,Contingency,verified,built,,inputs; library snapshot/version; formulas/rules; units; output values; rounding; scenario behavior; overrides; audit lineage; mapped tests,
P26-REQ-326,Markup,verified,built,,inputs; library snapshot/version; formulas/rules; units; output values; rounding; scenario behavior; overrides; audit lineage; mapped tests,
P26-REQ-327,Overhead & Profit,verified,built,,inputs; library snapshot/version; formulas/rules; units; output values; rounding; scenario behavior; overrides; audit lineage; mapped tests,
P26-REQ-328,Tax & Bond,verified,built,,inputs; library snapshot/version; formulas/rules; units; output values; rounding; scenario behavior; overrides; audit lineage; mapped tests,
P26-REQ-329,Unit Price,verified,built,,inputs; library snapshot/version; formulas/rules; units; output values; rounding; scenario behavior; overrides; audit lineage; mapped tests,
P26-REQ-330,Bid Price,verified,built,,inputs; library snapshot/version; formulas/rules; units; output values; rounding; scenario behavior; overrides; audit lineage; mapped tests,
P26-REQ-331,Low/High Range,verified,built,,inputs; library snapshot/version; formulas/rules; units; output values; rounding; scenario behavior; overrides; audit lineage; mapped tests,
P26-REQ-332,Scenario Comparison,verified,built,,inputs; library snapshot/version; formulas/rules; units; output values; rounding; scenario behavior; overrides; audit lineage; mapped tests,
P26-REQ-333,Estimate Confidence,verified,built,,inputs; library snapshot/version; formulas/rules; units; output values; rounding; scenario behavior; overrides; audit lineage; mapped tests,
P26-REQ-334,Regional Pricing,verified,built,,inputs; library snapshot/version; formulas/rules; units; output values; rounding; scenario behavior; overrides; audit lineage; mapped tests,
P26-REQ-335,Vendor Quote Override,verified,built,,inputs; library snapshot/version; formulas/rules; units; output values; rounding; scenario behavior; overrides; audit lineage; mapped tests,
P26-REQ-336,Snapshot Reproducibility,verified,built,,inputs; library snapshot/version; formulas/rules; units; output values; rounding; scenario behavior; overrides; audit lineage; mapped tests,
P26-REQ-337,Service Catalog Writeback,not_verified,not_built,,inputs; library snapshot/version; formulas/rules; units; output values; rounding; scenario behavior; overrides; audit lineage; mapped tests,An estimator-created service cannot be approved back into the catalog.
P26-REQ-338,AI Estimate Assist,not_verified,not_built,,inputs; library snapshot/version; formulas/rules; units; output values; rounding; scenario behavior; overrides; audit lineage; mapped tests,The one AI agent analyses documents. Nothing assists with an estimate.
P26-REQ-339,Estimate Review & Approval,verified,built,,inputs; library snapshot/version; formulas/rules; units; output values; rounding; scenario behavior; overrides; audit lineage; mapped tests,
P26-REQ-340,Estimate Export,verified,built,,inputs; library snapshot/version; formulas/rules; units; output values; rounding; scenario behavior; overrides; audit lineage; mapped tests,
P26-REQ-341,Proposal Handoff,verified,built,,inputs; library snapshot/version; formulas/rules; units; output values; rounding; scenario behavior; overrides; audit lineage; mapped tests,
P26-REQ-342,Job Cost Baseline,verified,built,,inputs; library snapshot/version; formulas/rules; units; output values; rounding; scenario behavior; overrides; audit lineage; mapped tests,
P26-REQ-343,Audit & Traceability,verified,built,,inputs; library snapshot/version; formulas/rules; units; output values; rounding; scenario behavior; overrides; audit lineage; mapped tests,
P26-REQ-344,Estimate Lifecycle,verified,built,,inputs; library snapshot/version; formulas/rules; units; output values; rounding; scenario behavior; overrides; audit lineage; mapped tests,
P26-REQ-345,Estimate Versions,verified,built,,inputs; library snapshot/version; formulas/rules; units; output values; rounding; scenario behavior; overrides; audit lineage; mapped tests,
P26-REQ-346,Estimate Templates,not_verified,not_built,,inputs; library snapshot/version; formulas/rules; units; output values; rounding; scenario behavior; overrides; audit lineage; mapped tests,No template entity or instantiation path.
P26-REQ-347,Service Selection,not_verified,partial,,inputs; library snapshot/version; formulas/rules; units; output values; rounding; scenario behavior; overrides; audit lineage; mapped tests,"The service library exists and is three-tier, but nothing selects a service for a scope; an estimator picks it."
P26-REQ-348,Assembly Expansion,verified,built,,inputs; library snapshot/version; formulas/rules; units; output values; rounding; scenario behavior; overrides; audit lineage; mapped tests,
P26-REQ-349,Quantity Input,verified,built,,inputs; library snapshot/version; formulas/rules; units; output values; rounding; scenario behavior; overrides; audit lineage; mapped tests,
P26-REQ-350,Quantity Takeoff Intake,not_verified,not_built,,inputs; library snapshot/version; formulas/rules; units; output values; rounding; scenario behavior; overrides; audit lineage; mapped tests,"Documents are ingested and classified by sheet, but nothing measures; there is no takeoff to intake."
P26-REQ-351,Labor Cost,verified,built,,inputs; library snapshot/version; formulas/rules; units; output values; rounding; scenario behavior; overrides; audit lineage; mapped tests,
P26-REQ-352,Labor Burden,verified,built,,inputs; library snapshot/version; formulas/rules; units; output values; rounding; scenario behavior; overrides; audit lineage; mapped tests,
P26-REQ-353,Crew Composition,verified,built,,inputs; library snapshot/version; formulas/rules; units; output values; rounding; scenario behavior; overrides; audit lineage; mapped tests,
P26-REQ-354,Crew Size Recommendation,not_verified,not_built,,inputs; library snapshot/version; formulas/rules; units; output values; rounding; scenario behavior; overrides; audit lineage; mapped tests,"The bottleneck analysis names the controlling resource, but nothing recommends a crew size."
P26-REQ-355,Equipment Selection,not_verified,partial,,inputs; library snapshot/version; formulas/rules; units; output values; rounding; scenario behavior; overrides; audit lineage; mapped tests,Equipment and its rates exist; nothing recommends which machine suits an operation.
P26-REQ-356,Equipment Cost,verified,built,,inputs; library snapshot/version; formulas/rules; units; output values; rounding; scenario behavior; overrides; audit lineage; mapped tests,
P26-REQ-357,Equipment Rate Selection,verified,built,,inputs; library snapshot/version; formulas/rules; units; output values; rounding; scenario behavior; overrides; audit lineage; mapped tests,
P26-REQ-358,Fuel Consumption,verified,built,,inputs; library snapshot/version; formulas/rules; units; output values; rounding; scenario behavior; overrides; audit lineage; mapped tests,
P26-REQ-359,Truck Selection,not_verified,partial,,inputs; library snapshot/version; formulas/rules; units; output values; rounding; scenario behavior; overrides; audit lineage; mapped tests,Truck rates exist; nothing recommends a truck type for a haul.
P26-REQ-360,Truck Cycle Calculation,verified,built,,inputs; library snapshot/version; formulas/rules; units; output values; rounding; scenario behavior; overrides; audit lineage; mapped tests,
P26-REQ-361,Truck Count,verified,built,,inputs; library snapshot/version; formulas/rules; units; output values; rounding; scenario behavior; overrides; audit lineage; mapped tests,
P26-REQ-362,Haul Distance,verified,built,,inputs; library snapshot/version; formulas/rules; units; output values; rounding; scenario behavior; overrides; audit lineage; mapped tests,
P26-REQ-363,Disposal Cost,not_verified,partial,,inputs; library snapshot/version; formulas/rules; units; output values; rounding; scenario behavior; overrides; audit lineage; mapped tests,"disposal_sites carries a tipping fee and the haul engine prices disposal as part of the cycle, but no engine derives disposal cost from volume, density and fee."
P26-REQ-364,Material Cost,verified,built,,inputs; library snapshot/version; formulas/rules; units; output values; rounding; scenario behavior; overrides; audit lineage; mapped tests,
P26-REQ-365,Material Waste,verified,built,,inputs; library snapshot/version; formulas/rules; units; output values; rounding; scenario behavior; overrides; audit lineage; mapped tests,
P26-REQ-366,Subcontract Cost,not_verified,partial,,inputs; library snapshot/version; formulas/rules; units; output values; rounding; scenario behavior; overrides; audit lineage; mapped tests,"Subcontract is a visible cost bucket, but no engine derives it from a scope and a quote."
P26-REQ-367,Production Rate,verified,built,,inputs; library snapshot/version; formulas/rules; units; output values; rounding; scenario behavior; overrides; audit lineage; mapped tests,
P26-REQ-368,Production Modifiers,verified,built,,inputs; library snapshot/version; formulas/rules; units; output values; rounding; scenario behavior; overrides; audit lineage; mapped tests,
P26-REQ-369,Duration Calculation,verified,built,,inputs; library snapshot/version; formulas/rules; units; output values; rounding; scenario behavior; overrides; audit lineage; mapped tests,
P26-REQ-370,Work Hours & Shifts,verified,built,,inputs; library snapshot/version; formulas/rules; units; output values; rounding; scenario behavior; overrides; audit lineage; mapped tests,
P26-REQ-371,Mobilization,not_verified,partial,,inputs; library snapshot/version; formulas/rules; units; output values; rounding; scenario behavior; overrides; audit lineage; mapped tests,"Equipment carries a mobilization cost and the estimate has a cost_equipment_mob column, but no engine derives mobilization from distance, machine count and haul permits."
P26-REQ-372,Demobilization,not_verified,partial,,inputs; library snapshot/version; formulas/rules; units; output values; rounding; scenario behavior; overrides; audit lineage; mapped tests,Same as mobilization; demobilization is not separately derived.
P26-REQ-373,Indirect Costs,verified,built,,inputs; library snapshot/version; formulas/rules; units; output values; rounding; scenario behavior; overrides; audit lineage; mapped tests,
P26-REQ-374,Contingency,verified,built,,inputs; library snapshot/version; formulas/rules; units; output values; rounding; scenario behavior; overrides; audit lineage; mapped tests,
P26-REQ-375,Markup,verified,built,,inputs; library snapshot/version; formulas/rules; units; output values; rounding; scenario behavior; overrides; audit lineage; mapped tests,
P26-REQ-376,Overhead & Profit,verified,built,,inputs; library snapshot/version; formulas/rules; units; output values; rounding; scenario behavior; overrides; audit lineage; mapped tests,
P26-REQ-377,Tax & Bond,verified,built,,inputs; library snapshot/version; formulas/rules; units; output values; rounding; scenario behavior; overrides; audit lineage; mapped tests,
P26-REQ-378,Unit Price,verified,built,,inputs; library snapshot/version; formulas/rules; units; output values; rounding; scenario behavior; overrides; audit lineage; mapped tests,
P26-REQ-379,Bid Price,verified,built,,inputs; library snapshot/version; formulas/rules; units; output values; rounding; scenario behavior; overrides; audit lineage; mapped tests,
P26-REQ-380,Low/High Range,verified,built,,inputs; library snapshot/version; formulas/rules; units; output values; rounding; scenario behavior; overrides; audit lineage; mapped tests,
P26-REQ-381,Scenario Comparison,verified,built,,inputs; library snapshot/version; formulas/rules; units; output values; rounding; scenario behavior; overrides; audit lineage; mapped tests,
P26-REQ-382,Estimate Confidence,verified,built,,inputs; library snapshot/version; formulas/rules; units; output values; rounding; scenario behavior; overrides; audit lineage; mapped tests,
P26-REQ-383,Regional Pricing,verified,built,,inputs; library snapshot/version; formulas/rules; units; output values; rounding; scenario behavior; overrides; audit lineage; mapped tests,
P26-REQ-384,Vendor Quote Override,verified,built,,inputs; library snapshot/version; formulas/rules; units; output values; rounding; scenario behavior; overrides; audit lineage; mapped tests,
P26-REQ-385,Snapshot Reproducibility,verified,built,,inputs; library snapshot/version; formulas/rules; units; output values; rounding; scenario behavior; overrides; audit lineage; mapped tests,
P26-REQ-386,Service Catalog Writeback,not_verified,not_built,,inputs; library snapshot/version; formulas/rules; units; output values; rounding; scenario behavior; overrides; audit lineage; mapped tests,An estimator-created service cannot be approved back into the catalog.
P26-REQ-387,AI Estimate Assist,not_verified,not_built,,inputs; library snapshot/version; formulas/rules; units; output values; rounding; scenario behavior; overrides; audit lineage; mapped tests,The one AI agent analyses documents. Nothing assists with an estimate.
P26-REQ-388,Estimate Review & Approval,verified,built,,inputs; library snapshot/version; formulas/rules; units; output values; rounding; scenario behavior; overrides; audit lineage; mapped tests,
P26-REQ-389,Estimate Export,verified,built,,inputs; library snapshot/version; formulas/rules; units; output values; rounding; scenario behavior; overrides; audit lineage; mapped tests,
P26-REQ-390,Proposal Handoff,verified,built,,inputs; library snapshot/version; formulas/rules; units; output values; rounding; scenario behavior; overrides; audit lineage; mapped tests,
P26-REQ-391,Job Cost Baseline,verified,built,,inputs; library snapshot/version; formulas/rules; units; output values; rounding; scenario behavior; overrides; audit lineage; mapped tests,
P26-REQ-392,Audit & Traceability,verified,built,,inputs; library snapshot/version; formulas/rules; units; output values; rounding; scenario behavior; overrides; audit lineage; mapped tests,
P26-REQ-393,Estimate Lifecycle,verified,built,,inputs; library snapshot/version; formulas/rules; units; output values; rounding; scenario behavior; overrides; audit lineage; mapped tests,
P26-REQ-394,Estimate Versions,verified,built,,inputs; library snapshot/version; formulas/rules; units; output values; rounding; scenario behavior; overrides; audit lineage; mapped tests,
P26-REQ-395,Estimate Templates,not_verified,not_built,,inputs; library snapshot/version; formulas/rules; units; output values; rounding; scenario behavior; overrides; audit lineage; mapped tests,No template entity or instantiation path.
P26-REQ-396,Service Selection,not_verified,partial,,inputs; library snapshot/version; formulas/rules; units; output values; rounding; scenario behavior; overrides; audit lineage; mapped tests,"The service library exists and is three-tier, but nothing selects a service for a scope; an estimator picks it."
P26-REQ-397,Assembly Expansion,verified,built,,inputs; library snapshot/version; formulas/rules; units; output values; rounding; scenario behavior; overrides; audit lineage; mapped tests,
P26-REQ-398,Quantity Input,verified,built,,inputs; library snapshot/version; formulas/rules; units; output values; rounding; scenario behavior; overrides; audit lineage; mapped tests,
P26-REQ-399,Quantity Takeoff Intake,not_verified,not_built,,inputs; library snapshot/version; formulas/rules; units; output values; rounding; scenario behavior; overrides; audit lineage; mapped tests,"Documents are ingested and classified by sheet, but nothing measures; there is no takeoff to intake."
P26-REQ-400,Labor Cost,verified,built,,inputs; library snapshot/version; formulas/rules; units; output values; rounding; scenario behavior; overrides; audit lineage; mapped tests,
P26-REQ-401,Labor Burden,verified,built,,inputs; library snapshot/version; formulas/rules; units; output values; rounding; scenario behavior; overrides; audit lineage; mapped tests,
P26-REQ-402,Crew Composition,verified,built,,inputs; library snapshot/version; formulas/rules; units; output values; rounding; scenario behavior; overrides; audit lineage; mapped tests,
P26-REQ-403,Crew Size Recommendation,not_verified,not_built,,inputs; library snapshot/version; formulas/rules; units; output values; rounding; scenario behavior; overrides; audit lineage; mapped tests,"The bottleneck analysis names the controlling resource, but nothing recommends a crew size."
P26-REQ-404,Equipment Selection,not_verified,partial,,inputs; library snapshot/version; formulas/rules; units; output values; rounding; scenario behavior; overrides; audit lineage; mapped tests,Equipment and its rates exist; nothing recommends which machine suits an operation.
P26-REQ-405,Equipment Cost,verified,built,,inputs; library snapshot/version; formulas/rules; units; output values; rounding; scenario behavior; overrides; audit lineage; mapped tests,
P26-REQ-406,Equipment Rate Selection,verified,built,,inputs; library snapshot/version; formulas/rules; units; output values; rounding; scenario behavior; overrides; audit lineage; mapped tests,
P26-REQ-407,Fuel Consumption,verified,built,,inputs; library snapshot/version; formulas/rules; units; output values; rounding; scenario behavior; overrides; audit lineage; mapped tests,
P26-REQ-408,Truck Selection,not_verified,partial,,inputs; library snapshot/version; formulas/rules; units; output values; rounding; scenario behavior; overrides; audit lineage; mapped tests,Truck rates exist; nothing recommends a truck type for a haul.
P26-REQ-409,Truck Cycle Calculation,verified,built,,inputs; library snapshot/version; formulas/rules; units; output values; rounding; scenario behavior; overrides; audit lineage; mapped tests,
P26-REQ-410,Truck Count,verified,built,,inputs; library snapshot/version; formulas/rules; units; output values; rounding; scenario behavior; overrides; audit lineage; mapped tests,
P26-REQ-411,Haul Distance,verified,built,,inputs; library snapshot/version; formulas/rules; units; output values; rounding; scenario behavior; overrides; audit lineage; mapped tests,
P26-REQ-412,Disposal Cost,not_verified,partial,,inputs; library snapshot/version; formulas/rules; units; output values; rounding; scenario behavior; overrides; audit lineage; mapped tests,"disposal_sites carries a tipping fee and the haul engine prices disposal as part of the cycle, but no engine derives disposal cost from volume, density and fee."
P26-REQ-413,Material Cost,verified,built,,inputs; library snapshot/version; formulas/rules; units; output values; rounding; scenario behavior; overrides; audit lineage; mapped tests,
P26-REQ-414,Material Waste,verified,built,,inputs; library snapshot/version; formulas/rules; units; output values; rounding; scenario behavior; overrides; audit lineage; mapped tests,
P26-REQ-415,Subcontract Cost,not_verified,partial,,inputs; library snapshot/version; formulas/rules; units; output values; rounding; scenario behavior; overrides; audit lineage; mapped tests,"Subcontract is a visible cost bucket, but no engine derives it from a scope and a quote."
P26-REQ-416,Production Rate,verified,built,,inputs; library snapshot/version; formulas/rules; units; output values; rounding; scenario behavior; overrides; audit lineage; mapped tests,
P26-REQ-417,Production Modifiers,verified,built,,inputs; library snapshot/version; formulas/rules; units; output values; rounding; scenario behavior; overrides; audit lineage; mapped tests,
P26-REQ-418,Duration Calculation,verified,built,,inputs; library snapshot/version; formulas/rules; units; output values; rounding; scenario behavior; overrides; audit lineage; mapped tests,
P26-REQ-419,Work Hours & Shifts,verified,built,,inputs; library snapshot/version; formulas/rules; units; output values; rounding; scenario behavior; overrides; audit lineage; mapped tests,
P26-REQ-420,Mobilization,not_verified,partial,,inputs; library snapshot/version; formulas/rules; units; output values; rounding; scenario behavior; overrides; audit lineage; mapped tests,"Equipment carries a mobilization cost and the estimate has a cost_equipment_mob column, but no engine derives mobilization from distance, machine count and haul permits."
P26-REQ-421,Demobilization,not_verified,partial,,inputs; library snapshot/version; formulas/rules; units; output values; rounding; scenario behavior; overrides; audit lineage; mapped tests,Same as mobilization; demobilization is not separately derived.
P26-REQ-422,Indirect Costs,verified,built,,inputs; library snapshot/version; formulas/rules; units; output values; rounding; scenario behavior; overrides; audit lineage; mapped tests,
P26-REQ-423,Contingency,verified,built,,inputs; library snapshot/version; formulas/rules; units; output values; rounding; scenario behavior; overrides; audit lineage; mapped tests,
P26-REQ-424,Markup,verified,built,,inputs; library snapshot/version; formulas/rules; units; output values; rounding; scenario behavior; overrides; audit lineage; mapped tests,
P26-REQ-425,Overhead & Profit,verified,built,,inputs; library snapshot/version; formulas/rules; units; output values; rounding; scenario behavior; overrides; audit lineage; mapped tests,
P26-REQ-426,Tax & Bond,verified,built,,inputs; library snapshot/version; formulas/rules; units; output values; rounding; scenario behavior; overrides; audit lineage; mapped tests,
P26-REQ-427,Unit Price,verified,built,,inputs; library snapshot/version; formulas/rules; units; output values; rounding; scenario behavior; overrides; audit lineage; mapped tests,
P26-REQ-428,Bid Price,verified,built,,inputs; library snapshot/version; formulas/rules; units; output values; rounding; scenario behavior; overrides; audit lineage; mapped tests,
P26-REQ-429,Low/High Range,verified,built,,inputs; library snapshot/version; formulas/rules; units; output values; rounding; scenario behavior; overrides; audit lineage; mapped tests,
P26-REQ-430,Scenario Comparison,verified,built,,inputs; library snapshot/version; formulas/rules; units; output values; rounding; scenario behavior; overrides; audit lineage; mapped tests,
P26-REQ-431,Estimate Confidence,verified,built,,inputs; library snapshot/version; formulas/rules; units; output values; rounding; scenario behavior; overrides; audit lineage; mapped tests,
P26-REQ-432,Regional Pricing,verified,built,,inputs; library snapshot/version; formulas/rules; units; output values; rounding; scenario behavior; overrides; audit lineage; mapped tests,
P26-REQ-433,Vendor Quote Override,verified,built,,inputs; library snapshot/version; formulas/rules; units; output values; rounding; scenario behavior; overrides; audit lineage; mapped tests,
P26-REQ-434,Snapshot Reproducibility,verified,built,,inputs; library snapshot/version; formulas/rules; units; output values; rounding; scenario behavior; overrides; audit lineage; mapped tests,
P26-REQ-435,Service Catalog Writeback,not_verified,not_built,,inputs; library snapshot/version; formulas/rules; units; output values; rounding; scenario behavior; overrides; audit lineage; mapped tests,An estimator-created service cannot be approved back into the catalog.
P26-REQ-436,AI Estimate Assist,not_verified,not_built,,inputs; library snapshot/version; formulas/rules; units; output values; rounding; scenario behavior; overrides; audit lineage; mapped tests,The one AI agent analyses documents. Nothing assists with an estimate.
P26-REQ-437,Estimate Review & Approval,verified,built,,inputs; library snapshot/version; formulas/rules; units; output values; rounding; scenario behavior; overrides; audit lineage; mapped tests,
P26-REQ-438,Estimate Export,verified,built,,inputs; library snapshot/version; formulas/rules; units; output values; rounding; scenario behavior; overrides; audit lineage; mapped tests,
P26-REQ-439,Proposal Handoff,verified,built,,inputs; library snapshot/version; formulas/rules; units; output values; rounding; scenario behavior; overrides; audit lineage; mapped tests,
P26-REQ-440,Job Cost Baseline,verified,built,,inputs; library snapshot/version; formulas/rules; units; output values; rounding; scenario behavior; overrides; audit lineage; mapped tests,
P26-REQ-441,Audit & Traceability,verified,built,,inputs; library snapshot/version; formulas/rules; units; output values; rounding; scenario behavior; overrides; audit lineage; mapped tests,
P26-REQ-442,Estimate Lifecycle,verified,built,,inputs; library snapshot/version; formulas/rules; units; output values; rounding; scenario behavior; overrides; audit lineage; mapped tests,
P26-REQ-443,Estimate Versions,verified,built,,inputs; library snapshot/version; formulas/rules; units; output values; rounding; scenario behavior; overrides; audit lineage; mapped tests,
P26-REQ-444,Estimate Templates,not_verified,not_built,,inputs; library snapshot/version; formulas/rules; units; output values; rounding; scenario behavior; overrides; audit lineage; mapped tests,No template entity or instantiation path.
P26-REQ-445,Service Selection,not_verified,partial,,inputs; library snapshot/version; formulas/rules; units; output values; rounding; scenario behavior; overrides; audit lineage; mapped tests,"The service library exists and is three-tier, but nothing selects a service for a scope; an estimator picks it."
P26-REQ-446,Assembly Expansion,verified,built,,inputs; library snapshot/version; formulas/rules; units; output values; rounding; scenario behavior; overrides; audit lineage; mapped tests,
P26-REQ-447,Quantity Input,verified,built,,inputs; library snapshot/version; formulas/rules; units; output values; rounding; scenario behavior; overrides; audit lineage; mapped tests,
P26-REQ-448,Quantity Takeoff Intake,not_verified,not_built,,inputs; library snapshot/version; formulas/rules; units; output values; rounding; scenario behavior; overrides; audit lineage; mapped tests,"Documents are ingested and classified by sheet, but nothing measures; there is no takeoff to intake."
P26-REQ-449,Labor Cost,verified,built,,inputs; library snapshot/version; formulas/rules; units; output values; rounding; scenario behavior; overrides; audit lineage; mapped tests,
P26-REQ-450,Labor Burden,verified,built,,inputs; library snapshot/version; formulas/rules; units; output values; rounding; scenario behavior; overrides; audit lineage; mapped tests,
