requirement_id,test_id,engine_id,api_id,ui_id,status
P16-REQ-001,P16-TST-001,P16-ENG-001,P16-API-001,P16-UI-001,Mapped
P16-REQ-002,P16-TST-002,P16-ENG-002,P16-API-002,P16-UI-002,Mapped
P16-REQ-003,P16-TST-003,P16-ENG-003,P16-API-003,P16-UI-003,Mapped
P16-REQ-004,P16-TST-004,P16-ENG-004,P16-API-004,P16-UI-004,Mapped
P16-REQ-005,P16-TST-005,P16-ENG-005,P16-API-005,P16-UI-005,Mapped
P16-REQ-006,P16-TST-006,P16-ENG-006,P16-API-006,P16-UI-006,Mapped
P16-REQ-007,P16-TST-007,P16-ENG-007,P16-API-007,P16-UI-007,Mapped
P16-REQ-008,P16-TST-008,P16-ENG-008,P16-API-008,P16-UI-008,Mapped
P16-REQ-009,P16-TST-009,P16-ENG-009,P16-API-009,P16-UI-009,Mapped
P16-REQ-010,P16-TST-010,P16-ENG-010,P16-API-010,P16-UI-010,Mapped
P16-REQ-011,P16-TST-011,P16-ENG-011,P16-API-011,P16-UI-011,Mapped
P16-REQ-012,P16-TST-012,P16-ENG-012,P16-API-012,P16-UI-012,Mapped
P16-REQ-013,P16-TST-013,P16-ENG-013,P16-API-013,P16-UI-013,Mapped
P16-REQ-014,P16-TST-014,P16-ENG-014,P16-API-014,P16-UI-014,Mapped
P16-REQ-015,P16-TST-015,P16-ENG-015,P16-API-015,P16-UI-015,Mapped
P16-REQ-016,P16-TST-016,P16-ENG-016,P16-API-016,P16-UI-016,Mapped
P16-REQ-017,P16-TST-017,P16-ENG-017,P16-API-017,P16-UI-017,Mapped
P16-REQ-018,P16-TST-018,P16-ENG-018,P16-API-018,P16-UI-018,Mapped
P16-REQ-019,P16-TST-019,P16-ENG-019,P16-API-019,P16-UI-019,Mapped
P16-REQ-020,P16-TST-020,P16-ENG-020,P16-API-020,P16-UI-020,Mapped
P16-REQ-021,P16-TST-021,P16-ENG-021,P16-API-021,P16-UI-021,Mapped
P16-REQ-022,P16-TST-022,P16-ENG-022,P16-API-022,P16-UI-022,Mapped
P16-REQ-023,P16-TST-023,P16-ENG-023,P16-API-023,P16-UI-023,Mapped
P16-REQ-024,P16-TST-024,P16-ENG-024,P16-API-024,P16-UI-024,Mapped
P16-REQ-025,P16-TST-025,P16-ENG-025,P16-API-025,P16-UI-025,Mapped
P16-REQ-026,P16-TST-026,P16-ENG-026,P16-API-026,P16-UI-026,Mapped
P16-REQ-027,P16-TST-027,P16-ENG-027,P16-API-027,P16-UI-027,Mapped
P16-REQ-028,P16-TST-028,P16-ENG-028,P16-API-028,P16-UI-028,Mapped
P16-REQ-029,P16-TST-029,P16-ENG-029,P16-API-029,P16-UI-029,Mapped
P16-REQ-030,P16-TST-030,P16-ENG-030,P16-API-030,P16-UI-030,Mapped
P16-REQ-031,P16-TST-031,P16-ENG-031,P16-API-031,P16-UI-031,Mapped
P16-REQ-032,P16-TST-032,P16-ENG-032,P16-API-032,P16-UI-032,Mapped
P16-REQ-033,P16-TST-033,P16-ENG-033,P16-API-033,P16-UI-033,Mapped
P16-REQ-034,P16-TST-034,P16-ENG-034,P16-API-034,P16-UI-034,Mapped
P16-REQ-035,P16-TST-035,P16-ENG-035,P16-API-035,P16-UI-035,Mapped
P16-REQ-036,P16-TST-036,P16-ENG-036,P16-API-036,P16-UI-036,Mapped
P16-REQ-037,P16-TST-037,P16-ENG-037,P16-API-037,P16-UI-037,Mapped
P16-REQ-038,P16-TST-038,P16-ENG-038,P16-API-038,P16-UI-038,Mapped
P16-REQ-039,P16-TST-039,P16-ENG-039,P16-API-039,P16-UI-039,Mapped
P16-REQ-040,P16-TST-040,P16-ENG-040,P16-API-040,P16-UI-040,Mapped
P16-REQ-041,P16-TST-041,P16-ENG-041,P16-API-041,P16-UI-041,Mapped
P16-REQ-042,P16-TST-042,P16-ENG-042,P16-API-042,P16-UI-042,Mapped
P16-REQ-043,P16-TST-043,P16-ENG-043,P16-API-043,P16-UI-001,Mapped
P16-REQ-044,P16-TST-044,P16-ENG-044,P16-API-044,P16-UI-002,Mapped
P16-REQ-045,P16-TST-045,P16-ENG-045,P16-API-045,P16-UI-003,Mapped
P16-REQ-046,P16-TST-046,P16-ENG-046,P16-API-046,P16-UI-004,Mapped
P16-REQ-047,P16-TST-047,P16-ENG-047,P16-API-047,P16-UI-005,Mapped
P16-REQ-048,P16-TST-048,P16-ENG-048,P16-API-048,P16-UI-006,Mapped
P16-REQ-049,P16-TST-049,P16-ENG-049,P16-API-049,P16-UI-007,Mapped
P16-REQ-050,P16-TST-050,P16-ENG-001,P16-API-050,P16-UI-008,Mapped
P16-REQ-051,P16-TST-051,P16-ENG-002,P16-API-051,P16-UI-009,Mapped
P16-REQ-052,P16-TST-052,P16-ENG-003,P16-API-052,P16-UI-010,Mapped
P16-REQ-053,P16-TST-053,P16-ENG-004,P16-API-053,P16-UI-011,Mapped
P16-REQ-054,P16-TST-054,P16-ENG-005,P16-API-054,P16-UI-012,Mapped
P16-REQ-055,P16-TST-055,P16-ENG-006,P16-API-055,P16-UI-013,Mapped
P16-REQ-056,P16-TST-056,P16-ENG-007,P16-API-056,P16-UI-014,Mapped
P16-REQ-057,P16-TST-057,P16-ENG-008,P16-API-057,P16-UI-015,Mapped
P16-REQ-058,P16-TST-058,P16-ENG-009,P16-API-058,P16-UI-016,Mapped
P16-REQ-059,P16-TST-059,P16-ENG-010,P16-API-059,P16-UI-017,Mapped
P16-REQ-060,P16-TST-060,P16-ENG-011,P16-API-060,P16-UI-018,Mapped
P16-REQ-061,P16-TST-061,P16-ENG-012,P16-API-001,P16-UI-019,Mapped
P16-REQ-062,P16-TST-062,P16-ENG-013,P16-API-002,P16-UI-020,Mapped
P16-REQ-063,P16-TST-063,P16-ENG-014,P16-API-003,P16-UI-021,Mapped
P16-REQ-064,P16-TST-064,P16-ENG-015,P16-API-004,P16-UI-022,Mapped
P16-REQ-065,P16-TST-065,P16-ENG-016,P16-API-005,P16-UI-023,Mapped
P16-REQ-066,P16-TST-066,P16-ENG-017,P16-API-006,P16-UI-024,Mapped
P16-REQ-067,P16-TST-067,P16-ENG-018,P16-API-007,P16-UI-025,Mapped
P16-REQ-068,P16-TST-068,P16-ENG-019,P16-API-008,P16-UI-026,Mapped
P16-REQ-069,P16-TST-069,P16-ENG-020,P16-API-009,P16-UI-027,Mapped
P16-REQ-070,P16-TST-070,P16-ENG-021,P16-API-010,P16-UI-028,Mapped
P16-REQ-071,P16-TST-071,P16-ENG-022,P16-API-011,P16-UI-029,Mapped
P16-REQ-072,P16-TST-072,P16-ENG-023,P16-API-012,P16-UI-030,Mapped
P16-REQ-073,P16-TST-073,P16-ENG-024,P16-API-013,P16-UI-031,Mapped
P16-REQ-074,P16-TST-074,P16-ENG-025,P16-API-014,P16-UI-032,Mapped
P16-REQ-075,P16-TST-075,P16-ENG-026,P16-API-015,P16-UI-033,Mapped
P16-REQ-076,P16-TST-076,P16-ENG-027,P16-API-016,P16-UI-034,Mapped
P16-REQ-077,P16-TST-077,P16-ENG-028,P16-API-017,P16-UI-035,Mapped
P16-REQ-078,P16-TST-078,P16-ENG-029,P16-API-018,P16-UI-036,Mapped
P16-REQ-079,P16-TST-079,P16-ENG-030,P16-API-019,P16-UI-037,Mapped
P16-REQ-080,P16-TST-080,P16-ENG-031,P16-API-020,P16-UI-038,Mapped
P16-REQ-081,P16-TST-081,P16-ENG-032,P16-API-021,P16-UI-039,Mapped
P16-REQ-082,P16-TST-082,P16-ENG-033,P16-API-022,P16-UI-040,Mapped
P16-REQ-083,P16-TST-083,P16-ENG-034,P16-API-023,P16-UI-041,Mapped
P16-REQ-084,P16-TST-084,P16-ENG-035,P16-API-024,P16-UI-042,Mapped
P16-REQ-085,P16-TST-085,P16-ENG-036,P16-API-025,P16-UI-001,Mapped
P16-REQ-086,P16-TST-086,P16-ENG-037,P16-API-026,P16-UI-002,Mapped
P16-REQ-087,P16-TST-087,P16-ENG-038,P16-API-027,P16-UI-003,Mapped
P16-REQ-088,P16-TST-088,P16-ENG-039,P16-API-028,P16-UI-004,Mapped
P16-REQ-089,P16-TST-089,P16-ENG-040,P16-API-029,P16-UI-005,Mapped
P16-REQ-090,P16-TST-090,P16-ENG-041,P16-API-030,P16-UI-006,Mapped
P16-REQ-091,P16-TST-091,P16-ENG-042,P16-API-031,P16-UI-007,Mapped
P16-REQ-092,P16-TST-092,P16-ENG-043,P16-API-032,P16-UI-008,Mapped
P16-REQ-093,P16-TST-093,P16-ENG-044,P16-API-033,P16-UI-009,Mapped
P16-REQ-094,P16-TST-094,P16-ENG-045,P16-API-034,P16-UI-010,Mapped
P16-REQ-095,P16-TST-095,P16-ENG-046,P16-API-035,P16-UI-011,Mapped
P16-REQ-096,P16-TST-096,P16-ENG-047,P16-API-036,P16-UI-012,Mapped
P16-REQ-097,P16-TST-097,P16-ENG-048,P16-API-037,P16-UI-013,Mapped
P16-REQ-098,P16-TST-098,P16-ENG-049,P16-API-038,P16-UI-014,Mapped
P16-REQ-099,P16-TST-099,P16-ENG-001,P16-API-039,P16-UI-015,Mapped
P16-REQ-100,P16-TST-100,P16-ENG-002,P16-API-040,P16-UI-016,Mapped
P16-REQ-101,P16-TST-101,P16-ENG-003,P16-API-041,P16-UI-017,Mapped
P16-REQ-102,P16-TST-102,P16-ENG-004,P16-API-042,P16-UI-018,Mapped
P16-REQ-103,P16-TST-103,P16-ENG-005,P16-API-043,P16-UI-019,Mapped
P16-REQ-104,P16-TST-104,P16-ENG-006,P16-API-044,P16-UI-020,Mapped
P16-REQ-105,P16-TST-105,P16-ENG-007,P16-API-045,P16-UI-021,Mapped
P16-REQ-106,P16-TST-106,P16-ENG-008,P16-API-046,P16-UI-022,Mapped
P16-REQ-107,P16-TST-107,P16-ENG-009,P16-API-047,P16-UI-023,Mapped
P16-REQ-108,P16-TST-108,P16-ENG-010,P16-API-048,P16-UI-024,Mapped
P16-REQ-109,P16-TST-109,P16-ENG-011,P16-API-049,P16-UI-025,Mapped
P16-REQ-110,P16-TST-110,P16-ENG-012,P16-API-050,P16-UI-026,Mapped
P16-REQ-111,P16-TST-111,P16-ENG-013,P16-API-051,P16-UI-027,Mapped
P16-REQ-112,P16-TST-112,P16-ENG-014,P16-API-052,P16-UI-028,Mapped
P16-REQ-113,P16-TST-113,P16-ENG-015,P16-API-053,P16-UI-029,Mapped
P16-REQ-114,P16-TST-114,P16-ENG-016,P16-API-054,P16-UI-030,Mapped
P16-REQ-115,P16-TST-115,P16-ENG-017,P16-API-055,P16-UI-031,Mapped
P16-REQ-116,P16-TST-116,P16-ENG-018,P16-API-056,P16-UI-032,Mapped
P16-REQ-117,P16-TST-117,P16-ENG-019,P16-API-057,P16-UI-033,Mapped
P16-REQ-118,P16-TST-118,P16-ENG-020,P16-API-058,P16-UI-034,Mapped
P16-REQ-119,P16-TST-119,P16-ENG-021,P16-API-059,P16-UI-035,Mapped
P16-REQ-120,P16-TST-120,P16-ENG-022,P16-API-060,P16-UI-036,Mapped
P16-REQ-121,P16-TST-121,P16-ENG-023,P16-API-001,P16-UI-037,Mapped
P16-REQ-122,P16-TST-122,P16-ENG-024,P16-API-002,P16-UI-038,Mapped
P16-REQ-123,P16-TST-123,P16-ENG-025,P16-API-003,P16-UI-039,Mapped
P16-REQ-124,P16-TST-124,P16-ENG-026,P16-API-004,P16-UI-040,Mapped
P16-REQ-125,P16-TST-125,P16-ENG-027,P16-API-005,P16-UI-041,Mapped
P16-REQ-126,P16-TST-126,P16-ENG-028,P16-API-006,P16-UI-042,Mapped
P16-REQ-127,P16-TST-127,P16-ENG-029,P16-API-007,P16-UI-001,Mapped
P16-REQ-128,P16-TST-128,P16-ENG-030,P16-API-008,P16-UI-002,Mapped
P16-REQ-129,P16-TST-129,P16-ENG-031,P16-API-009,P16-UI-003,Mapped
P16-REQ-130,P16-TST-130,P16-ENG-032,P16-API-010,P16-UI-004,Mapped
P16-REQ-131,P16-TST-131,P16-ENG-033,P16-API-011,P16-UI-005,Mapped
P16-REQ-132,P16-TST-132,P16-ENG-034,P16-API-012,P16-UI-006,Mapped
P16-REQ-133,P16-TST-133,P16-ENG-035,P16-API-013,P16-UI-007,Mapped
P16-REQ-134,P16-TST-134,P16-ENG-036,P16-API-014,P16-UI-008,Mapped
P16-REQ-135,P16-TST-135,P16-ENG-037,P16-API-015,P16-UI-009,Mapped
P16-REQ-136,P16-TST-136,P16-ENG-038,P16-API-016,P16-UI-010,Mapped
P16-REQ-137,P16-TST-137,P16-ENG-039,P16-API-017,P16-UI-011,Mapped
P16-REQ-138,P16-TST-138,P16-ENG-040,P16-API-018,P16-UI-012,Mapped
P16-REQ-139,P16-TST-139,P16-ENG-041,P16-API-019,P16-UI-013,Mapped
P16-REQ-140,P16-TST-140,P16-ENG-042,P16-API-020,P16-UI-014,Mapped
P16-REQ-141,P16-TST-141,P16-ENG-043,P16-API-021,P16-UI-015,Mapped
P16-REQ-142,P16-TST-142,P16-ENG-044,P16-API-022,P16-UI-016,Mapped
P16-REQ-143,P16-TST-143,P16-ENG-045,P16-API-023,P16-UI-017,Mapped
P16-REQ-144,P16-TST-144,P16-ENG-046,P16-API-024,P16-UI-018,Mapped
P16-REQ-145,P16-TST-145,P16-ENG-047,P16-API-025,P16-UI-019,Mapped
P16-REQ-146,P16-TST-146,P16-ENG-048,P16-API-026,P16-UI-020,Mapped
P16-REQ-147,P16-TST-147,P16-ENG-049,P16-API-027,P16-UI-021,Mapped
P16-REQ-148,P16-TST-148,P16-ENG-001,P16-API-028,P16-UI-022,Mapped
P16-REQ-149,P16-TST-149,P16-ENG-002,P16-API-029,P16-UI-023,Mapped
P16-REQ-150,P16-TST-150,P16-ENG-003,P16-API-030,P16-UI-024,Mapped
P16-REQ-151,P16-TST-151,P16-ENG-004,P16-API-031,P16-UI-025,Mapped
P16-REQ-152,P16-TST-152,P16-ENG-005,P16-API-032,P16-UI-026,Mapped
P16-REQ-153,P16-TST-153,P16-ENG-006,P16-API-033,P16-UI-027,Mapped
P16-REQ-154,P16-TST-154,P16-ENG-007,P16-API-034,P16-UI-028,Mapped
P16-REQ-155,P16-TST-155,P16-ENG-008,P16-API-035,P16-UI-029,Mapped
P16-REQ-156,P16-TST-156,P16-ENG-009,P16-API-036,P16-UI-030,Mapped
P16-REQ-157,P16-TST-157,P16-ENG-010,P16-API-037,P16-UI-031,Mapped
P16-REQ-158,P16-TST-158,P16-ENG-011,P16-API-038,P16-UI-032,Mapped
P16-REQ-159,P16-TST-159,P16-ENG-012,P16-API-039,P16-UI-033,Mapped
P16-REQ-160,P16-TST-160,P16-ENG-013,P16-API-040,P16-UI-034,Mapped
P16-REQ-161,P16-TST-161,P16-ENG-014,P16-API-041,P16-UI-035,Mapped
P16-REQ-162,P16-TST-162,P16-ENG-015,P16-API-042,P16-UI-036,Mapped
P16-REQ-163,P16-TST-163,P16-ENG-016,P16-API-043,P16-UI-037,Mapped
P16-REQ-164,P16-TST-164,P16-ENG-017,P16-API-044,P16-UI-038,Mapped
P16-REQ-165,P16-TST-165,P16-ENG-018,P16-API-045,P16-UI-039,Mapped
P16-REQ-166,P16-TST-166,P16-ENG-019,P16-API-046,P16-UI-040,Mapped
P16-REQ-167,P16-TST-167,P16-ENG-020,P16-API-047,P16-UI-041,Mapped
P16-REQ-168,P16-TST-168,P16-ENG-021,P16-API-048,P16-UI-042,Mapped
P16-REQ-169,P16-TST-169,P16-ENG-022,P16-API-049,P16-UI-001,Mapped
P16-REQ-170,P16-TST-170,P16-ENG-023,P16-API-050,P16-UI-002,Mapped
P16-REQ-171,P16-TST-171,P16-ENG-024,P16-API-051,P16-UI-003,Mapped
P16-REQ-172,P16-TST-172,P16-ENG-025,P16-API-052,P16-UI-004,Mapped
P16-REQ-173,P16-TST-173,P16-ENG-026,P16-API-053,P16-UI-005,Mapped
P16-REQ-174,P16-TST-174,P16-ENG-027,P16-API-054,P16-UI-006,Mapped
P16-REQ-175,P16-TST-175,P16-ENG-028,P16-API-055,P16-UI-007,Mapped
P16-REQ-176,P16-TST-176,P16-ENG-029,P16-API-056,P16-UI-008,Mapped
P16-REQ-177,P16-TST-177,P16-ENG-030,P16-API-057,P16-UI-009,Mapped
P16-REQ-178,P16-TST-178,P16-ENG-031,P16-API-058,P16-UI-010,Mapped
P16-REQ-179,P16-TST-179,P16-ENG-032,P16-API-059,P16-UI-011,Mapped
P16-REQ-180,P16-TST-180,P16-ENG-033,P16-API-060,P16-UI-012,Mapped
P16-REQ-181,P16-TST-181,P16-ENG-034,P16-API-001,P16-UI-013,Mapped
P16-REQ-182,P16-TST-182,P16-ENG-035,P16-API-002,P16-UI-014,Mapped
P16-REQ-183,P16-TST-183,P16-ENG-036,P16-API-003,P16-UI-015,Mapped
P16-REQ-184,P16-TST-184,P16-ENG-037,P16-API-004,P16-UI-016,Mapped
P16-REQ-185,P16-TST-185,P16-ENG-038,P16-API-005,P16-UI-017,Mapped
P16-REQ-186,P16-TST-186,P16-ENG-039,P16-API-006,P16-UI-018,Mapped
P16-REQ-187,P16-TST-187,P16-ENG-040,P16-API-007,P16-UI-019,Mapped
P16-REQ-188,P16-TST-188,P16-ENG-041,P16-API-008,P16-UI-020,Mapped
P16-REQ-189,P16-TST-189,P16-ENG-042,P16-API-009,P16-UI-021,Mapped
P16-REQ-190,P16-TST-190,P16-ENG-043,P16-API-010,P16-UI-022,Mapped
P16-REQ-191,P16-TST-191,P16-ENG-044,P16-API-011,P16-UI-023,Mapped
P16-REQ-192,P16-TST-192,P16-ENG-045,P16-API-012,P16-UI-024,Mapped
P16-REQ-193,P16-TST-193,P16-ENG-046,P16-API-013,P16-UI-025,Mapped
P16-REQ-194,P16-TST-194,P16-ENG-047,P16-API-014,P16-UI-026,Mapped
P16-REQ-195,P16-TST-195,P16-ENG-048,P16-API-015,P16-UI-027,Mapped
P16-REQ-196,P16-TST-196,P16-ENG-049,P16-API-016,P16-UI-028,Mapped
P16-REQ-197,P16-TST-197,P16-ENG-001,P16-API-017,P16-UI-029,Mapped
P16-REQ-198,P16-TST-198,P16-ENG-002,P16-API-018,P16-UI-030,Mapped
P16-REQ-199,P16-TST-199,P16-ENG-003,P16-API-019,P16-UI-031,Mapped
P16-REQ-200,P16-TST-200,P16-ENG-004,P16-API-020,P16-UI-032,Mapped
P16-REQ-201,P16-TST-201,P16-ENG-005,P16-API-021,P16-UI-033,Mapped
P16-REQ-202,P16-TST-202,P16-ENG-006,P16-API-022,P16-UI-034,Mapped
P16-REQ-203,P16-TST-203,P16-ENG-007,P16-API-023,P16-UI-035,Mapped
P16-REQ-204,P16-TST-204,P16-ENG-008,P16-API-024,P16-UI-036,Mapped
P16-REQ-205,P16-TST-205,P16-ENG-009,P16-API-025,P16-UI-037,Mapped
P16-REQ-206,P16-TST-206,P16-ENG-010,P16-API-026,P16-UI-038,Mapped
P16-REQ-207,P16-TST-207,P16-ENG-011,P16-API-027,P16-UI-039,Mapped
P16-REQ-208,P16-TST-208,P16-ENG-012,P16-API-028,P16-UI-040,Mapped
P16-REQ-209,P16-TST-209,P16-ENG-013,P16-API-029,P16-UI-041,Mapped
P16-REQ-210,P16-TST-210,P16-ENG-014,P16-API-030,P16-UI-042,Mapped
P16-REQ-211,P16-TST-211,P16-ENG-015,P16-API-031,P16-UI-001,Mapped
P16-REQ-212,P16-TST-212,P16-ENG-016,P16-API-032,P16-UI-002,Mapped
P16-REQ-213,P16-TST-213,P16-ENG-017,P16-API-033,P16-UI-003,Mapped
P16-REQ-214,P16-TST-214,P16-ENG-018,P16-API-034,P16-UI-004,Mapped
P16-REQ-215,P16-TST-215,P16-ENG-019,P16-API-035,P16-UI-005,Mapped
P16-REQ-216,P16-TST-216,P16-ENG-020,P16-API-036,P16-UI-006,Mapped
P16-REQ-217,P16-TST-217,P16-ENG-021,P16-API-037,P16-UI-007,Mapped
P16-REQ-218,P16-TST-218,P16-ENG-022,P16-API-038,P16-UI-008,Mapped
P16-REQ-219,P16-TST-219,P16-ENG-023,P16-API-039,P16-UI-009,Mapped
P16-REQ-220,P16-TST-220,P16-ENG-024,P16-API-040,P16-UI-010,Mapped
P16-REQ-221,P16-TST-221,P16-ENG-025,P16-API-041,P16-UI-011,Mapped
P16-REQ-222,P16-TST-222,P16-ENG-026,P16-API-042,P16-UI-012,Mapped
P16-REQ-223,P16-TST-223,P16-ENG-027,P16-API-043,P16-UI-013,Mapped
P16-REQ-224,P16-TST-224,P16-ENG-028,P16-API-044,P16-UI-014,Mapped
P16-REQ-225,P16-TST-225,P16-ENG-029,P16-API-045,P16-UI-015,Mapped
P16-REQ-226,P16-TST-226,P16-ENG-030,P16-API-046,P16-UI-016,Mapped
P16-REQ-227,P16-TST-227,P16-ENG-031,P16-API-047,P16-UI-017,Mapped
P16-REQ-228,P16-TST-228,P16-ENG-032,P16-API-048,P16-UI-018,Mapped
P16-REQ-229,P16-TST-229,P16-ENG-033,P16-API-049,P16-UI-019,Mapped
P16-REQ-230,P16-TST-230,P16-ENG-034,P16-API-050,P16-UI-020,Mapped
P16-REQ-231,P16-TST-231,P16-ENG-035,P16-API-051,P16-UI-021,Mapped
P16-REQ-232,P16-TST-232,P16-ENG-036,P16-API-052,P16-UI-022,Mapped
P16-REQ-233,P16-TST-233,P16-ENG-037,P16-API-053,P16-UI-023,Mapped
P16-REQ-234,P16-TST-234,P16-ENG-038,P16-API-054,P16-UI-024,Mapped
P16-REQ-235,P16-TST-235,P16-ENG-039,P16-API-055,P16-UI-025,Mapped
P16-REQ-236,P16-TST-236,P16-ENG-040,P16-API-056,P16-UI-026,Mapped
P16-REQ-237,P16-TST-237,P16-ENG-041,P16-API-057,P16-UI-027,Mapped
P16-REQ-238,P16-TST-238,P16-ENG-042,P16-API-058,P16-UI-028,Mapped
P16-REQ-239,P16-TST-239,P16-ENG-043,P16-API-059,P16-UI-029,Mapped
P16-REQ-240,P16-TST-240,P16-ENG-044,P16-API-060,P16-UI-030,Mapped
P16-REQ-241,P16-TST-241,P16-ENG-045,P16-API-001,P16-UI-031,Mapped
P16-REQ-242,P16-TST-242,P16-ENG-046,P16-API-002,P16-UI-032,Mapped
P16-REQ-243,P16-TST-243,P16-ENG-047,P16-API-003,P16-UI-033,Mapped
P16-REQ-244,P16-TST-244,P16-ENG-048,P16-API-004,P16-UI-034,Mapped
P16-REQ-245,P16-TST-245,P16-ENG-049,P16-API-005,P16-UI-035,Mapped
P16-REQ-246,P16-TST-246,P16-ENG-001,P16-API-006,P16-UI-036,Mapped
P16-REQ-247,P16-TST-247,P16-ENG-002,P16-API-007,P16-UI-037,Mapped
P16-REQ-248,P16-TST-248,P16-ENG-003,P16-API-008,P16-UI-038,Mapped
P16-REQ-249,P16-TST-249,P16-ENG-004,P16-API-009,P16-UI-039,Mapped
P16-REQ-250,P16-TST-250,P16-ENG-005,P16-API-010,P16-UI-040,Mapped
P16-REQ-251,P16-TST-251,P16-ENG-006,P16-API-011,P16-UI-041,Mapped
P16-REQ-252,P16-TST-252,P16-ENG-007,P16-API-012,P16-UI-042,Mapped
P16-REQ-253,P16-TST-253,P16-ENG-008,P16-API-013,P16-UI-001,Mapped
P16-REQ-254,P16-TST-254,P16-ENG-009,P16-API-014,P16-UI-002,Mapped
P16-REQ-255,P16-TST-255,P16-ENG-010,P16-API-015,P16-UI-003,Mapped
P16-REQ-256,P16-TST-256,P16-ENG-011,P16-API-016,P16-UI-004,Mapped
P16-REQ-257,P16-TST-257,P16-ENG-012,P16-API-017,P16-UI-005,Mapped
P16-REQ-258,P16-TST-258,P16-ENG-013,P16-API-018,P16-UI-006,Mapped
P16-REQ-259,P16-TST-259,P16-ENG-014,P16-API-019,P16-UI-007,Mapped
P16-REQ-260,P16-TST-260,P16-ENG-015,P16-API-020,P16-UI-008,Mapped
P16-REQ-261,P16-TST-261,P16-ENG-016,P16-API-021,P16-UI-009,Mapped
P16-REQ-262,P16-TST-262,P16-ENG-017,P16-API-022,P16-UI-010,Mapped
P16-REQ-263,P16-TST-263,P16-ENG-018,P16-API-023,P16-UI-011,Mapped
P16-REQ-264,P16-TST-264,P16-ENG-019,P16-API-024,P16-UI-012,Mapped
P16-REQ-265,P16-TST-265,P16-ENG-020,P16-API-025,P16-UI-013,Mapped
P16-REQ-266,P16-TST-266,P16-ENG-021,P16-API-026,P16-UI-014,Mapped
P16-REQ-267,P16-TST-267,P16-ENG-022,P16-API-027,P16-UI-015,Mapped
P16-REQ-268,P16-TST-268,P16-ENG-023,P16-API-028,P16-UI-016,Mapped
P16-REQ-269,P16-TST-269,P16-ENG-024,P16-API-029,P16-UI-017,Mapped
P16-REQ-270,P16-TST-270,P16-ENG-025,P16-API-030,P16-UI-018,Mapped
P16-REQ-271,P16-TST-271,P16-ENG-026,P16-API-031,P16-UI-019,Mapped
P16-REQ-272,P16-TST-272,P16-ENG-027,P16-API-032,P16-UI-020,Mapped
P16-REQ-273,P16-TST-273,P16-ENG-028,P16-API-033,P16-UI-021,Mapped
P16-REQ-274,P16-TST-274,P16-ENG-029,P16-API-034,P16-UI-022,Mapped
P16-REQ-275,P16-TST-275,P16-ENG-030,P16-API-035,P16-UI-023,Mapped
P16-REQ-276,P16-TST-276,P16-ENG-031,P16-API-036,P16-UI-024,Mapped
P16-REQ-277,P16-TST-277,P16-ENG-032,P16-API-037,P16-UI-025,Mapped
P16-REQ-278,P16-TST-278,P16-ENG-033,P16-API-038,P16-UI-026,Mapped
P16-REQ-279,P16-TST-279,P16-ENG-034,P16-API-039,P16-UI-027,Mapped
P16-REQ-280,P16-TST-280,P16-ENG-035,P16-API-040,P16-UI-028,Mapped
P16-REQ-281,P16-TST-281,P16-ENG-036,P16-API-041,P16-UI-029,Mapped
P16-REQ-282,P16-TST-282,P16-ENG-037,P16-API-042,P16-UI-030,Mapped
P16-REQ-283,P16-TST-283,P16-ENG-038,P16-API-043,P16-UI-031,Mapped
P16-REQ-284,P16-TST-284,P16-ENG-039,P16-API-044,P16-UI-032,Mapped
P16-REQ-285,P16-TST-285,P16-ENG-040,P16-API-045,P16-UI-033,Mapped
P16-REQ-286,P16-TST-286,P16-ENG-041,P16-API-046,P16-UI-034,Mapped
P16-REQ-287,P16-TST-287,P16-ENG-042,P16-API-047,P16-UI-035,Mapped
P16-REQ-288,P16-TST-288,P16-ENG-043,P16-API-048,P16-UI-036,Mapped
P16-REQ-289,P16-TST-289,P16-ENG-044,P16-API-049,P16-UI-037,Mapped
P16-REQ-290,P16-TST-290,P16-ENG-045,P16-API-050,P16-UI-038,Mapped
P16-REQ-291,P16-TST-291,P16-ENG-046,P16-API-051,P16-UI-039,Mapped
P16-REQ-292,P16-TST-292,P16-ENG-047,P16-API-052,P16-UI-040,Mapped
P16-REQ-293,P16-TST-293,P16-ENG-048,P16-API-053,P16-UI-041,Mapped
P16-REQ-294,P16-TST-294,P16-ENG-049,P16-API-054,P16-UI-042,Mapped
P16-REQ-295,P16-TST-295,P16-ENG-001,P16-API-055,P16-UI-001,Mapped
P16-REQ-296,P16-TST-296,P16-ENG-002,P16-API-056,P16-UI-002,Mapped
P16-REQ-297,P16-TST-297,P16-ENG-003,P16-API-057,P16-UI-003,Mapped
P16-REQ-298,P16-TST-298,P16-ENG-004,P16-API-058,P16-UI-004,Mapped
P16-REQ-299,P16-TST-299,P16-ENG-005,P16-API-059,P16-UI-005,Mapped
P16-REQ-300,P16-TST-300,P16-ENG-006,P16-API-060,P16-UI-006,Mapped
P16-REQ-301,P16-TST-301,P16-ENG-007,P16-API-001,P16-UI-007,Mapped
P16-REQ-302,P16-TST-302,P16-ENG-008,P16-API-002,P16-UI-008,Mapped
P16-REQ-303,P16-TST-303,P16-ENG-009,P16-API-003,P16-UI-009,Mapped
P16-REQ-304,P16-TST-304,P16-ENG-010,P16-API-004,P16-UI-010,Mapped
P16-REQ-305,P16-TST-305,P16-ENG-011,P16-API-005,P16-UI-011,Mapped
P16-REQ-306,P16-TST-306,P16-ENG-012,P16-API-006,P16-UI-012,Mapped
P16-REQ-307,P16-TST-307,P16-ENG-013,P16-API-007,P16-UI-013,Mapped
P16-REQ-308,P16-TST-308,P16-ENG-014,P16-API-008,P16-UI-014,Mapped
P16-REQ-309,P16-TST-309,P16-ENG-015,P16-API-009,P16-UI-015,Mapped
P16-REQ-310,P16-TST-310,P16-ENG-016,P16-API-010,P16-UI-016,Mapped
P16-REQ-311,P16-TST-311,P16-ENG-017,P16-API-011,P16-UI-017,Mapped
P16-REQ-312,P16-TST-312,P16-ENG-018,P16-API-012,P16-UI-018,Mapped
P16-REQ-313,P16-TST-313,P16-ENG-019,P16-API-013,P16-UI-019,Mapped
P16-REQ-314,P16-TST-314,P16-ENG-020,P16-API-014,P16-UI-020,Mapped
P16-REQ-315,P16-TST-315,P16-ENG-021,P16-API-015,P16-UI-021,Mapped
P16-REQ-316,P16-TST-316,P16-ENG-022,P16-API-016,P16-UI-022,Mapped
P16-REQ-317,P16-TST-317,P16-ENG-023,P16-API-017,P16-UI-023,Mapped
P16-REQ-318,P16-TST-318,P16-ENG-024,P16-API-018,P16-UI-024,Mapped
P16-REQ-319,P16-TST-319,P16-ENG-025,P16-API-019,P16-UI-025,Mapped
P16-REQ-320,P16-TST-320,P16-ENG-026,P16-API-020,P16-UI-026,Mapped
P16-REQ-321,P16-TST-321,P16-ENG-027,P16-API-021,P16-UI-027,Mapped
P16-REQ-322,P16-TST-322,P16-ENG-028,P16-API-022,P16-UI-028,Mapped
P16-REQ-323,P16-TST-323,P16-ENG-029,P16-API-023,P16-UI-029,Mapped
P16-REQ-324,P16-TST-324,P16-ENG-030,P16-API-024,P16-UI-030,Mapped
P16-REQ-325,P16-TST-325,P16-ENG-031,P16-API-025,P16-UI-031,Mapped
P16-REQ-326,P16-TST-326,P16-ENG-032,P16-API-026,P16-UI-032,Mapped
P16-REQ-327,P16-TST-327,P16-ENG-033,P16-API-027,P16-UI-033,Mapped
P16-REQ-328,P16-TST-328,P16-ENG-034,P16-API-028,P16-UI-034,Mapped
P16-REQ-329,P16-TST-329,P16-ENG-035,P16-API-029,P16-UI-035,Mapped
P16-REQ-330,P16-TST-330,P16-ENG-036,P16-API-030,P16-UI-036,Mapped
P16-REQ-331,P16-TST-331,P16-ENG-037,P16-API-031,P16-UI-037,Mapped
P16-REQ-332,P16-TST-332,P16-ENG-038,P16-API-032,P16-UI-038,Mapped
P16-REQ-333,P16-TST-333,P16-ENG-039,P16-API-033,P16-UI-039,Mapped
P16-REQ-334,P16-TST-334,P16-ENG-040,P16-API-034,P16-UI-040,Mapped
P16-REQ-335,P16-TST-335,P16-ENG-041,P16-API-035,P16-UI-041,Mapped
P16-REQ-336,P16-TST-336,P16-ENG-042,P16-API-036,P16-UI-042,Mapped
P16-REQ-337,P16-TST-337,P16-ENG-043,P16-API-037,P16-UI-001,Mapped
P16-REQ-338,P16-TST-338,P16-ENG-044,P16-API-038,P16-UI-002,Mapped
P16-REQ-339,P16-TST-339,P16-ENG-045,P16-API-039,P16-UI-003,Mapped
P16-REQ-340,P16-TST-340,P16-ENG-046,P16-API-040,P16-UI-004,Mapped
P16-REQ-341,P16-TST-341,P16-ENG-047,P16-API-041,P16-UI-005,Mapped
P16-REQ-342,P16-TST-342,P16-ENG-048,P16-API-042,P16-UI-006,Mapped
P16-REQ-343,P16-TST-343,P16-ENG-049,P16-API-043,P16-UI-007,Mapped
P16-REQ-344,P16-TST-344,P16-ENG-001,P16-API-044,P16-UI-008,Mapped
P16-REQ-345,P16-TST-345,P16-ENG-002,P16-API-045,P16-UI-009,Mapped
P16-REQ-346,P16-TST-346,P16-ENG-003,P16-API-046,P16-UI-010,Mapped
P16-REQ-347,P16-TST-347,P16-ENG-004,P16-API-047,P16-UI-011,Mapped
P16-REQ-348,P16-TST-348,P16-ENG-005,P16-API-048,P16-UI-012,Mapped
P16-REQ-349,P16-TST-349,P16-ENG-006,P16-API-049,P16-UI-013,Mapped
P16-REQ-350,P16-TST-350,P16-ENG-007,P16-API-050,P16-UI-014,Mapped
P16-REQ-351,P16-TST-351,P16-ENG-008,P16-API-051,P16-UI-015,Mapped
P16-REQ-352,P16-TST-352,P16-ENG-009,P16-API-052,P16-UI-016,Mapped
P16-REQ-353,P16-TST-353,P16-ENG-010,P16-API-053,P16-UI-017,Mapped
P16-REQ-354,P16-TST-354,P16-ENG-011,P16-API-054,P16-UI-018,Mapped
P16-REQ-355,P16-TST-355,P16-ENG-012,P16-API-055,P16-UI-019,Mapped
P16-REQ-356,P16-TST-356,P16-ENG-013,P16-API-056,P16-UI-020,Mapped
P16-REQ-357,P16-TST-357,P16-ENG-014,P16-API-057,P16-UI-021,Mapped
P16-REQ-358,P16-TST-358,P16-ENG-015,P16-API-058,P16-UI-022,Mapped
P16-REQ-359,P16-TST-359,P16-ENG-016,P16-API-059,P16-UI-023,Mapped
P16-REQ-360,P16-TST-360,P16-ENG-017,P16-API-060,P16-UI-024,Mapped
